"source_id","variable","mean","sd","X2.5.","X80.","X95.","benefit"
"1","b_treatment",-0.62804749878812,0.412385882094261,-1.45133544010626,-0.287588939871523,0.0557769169124405,0.93775
"10","b_treatment",-0.647528199614317,0.394792949839981,-1.39301389606825,-0.321367406930364,0.00313237473906211,0.94975
"100","b_treatment",-0.455157140925454,0.358485728006398,-1.15136676738044,-0.15467473068411,0.136896897667108,0.90075
"1000","b_treatment",-0.554366870527314,0.391792464618552,-1.33069299951757,-0.228093701735712,0.0981806848304175,0.92
"101","b_treatment",-0.37567963185678,0.354923364295994,-1.06768990687905,-0.0735966452247554,0.210704259893845,0.8515
"102","b_treatment",-0.621456143623689,0.402317302849252,-1.4170191537422,-0.285629008848577,0.050158783001604,0.936
"103","b_treatment",-0.782266798792868,0.420024386774179,-1.62926563731262,-0.443045706320828,-0.0915816773234151,0.96875
"104","b_treatment",-0.363106501912641,0.35697108611578,-1.05321545751258,-0.0523275970678927,0.217967609206907,0.83625
"105","b_treatment",-0.553779946602937,0.375041218929273,-1.27809067142448,-0.235646295354937,0.0590975832731643,0.93125
"106","b_treatment",-0.629685356471535,0.434409873294558,-1.4944681019947,-0.264805771742516,0.064482910567759,0.9285
"107","b_treatment",-0.492979652084036,0.355130928751221,-1.18787344272831,-0.195948954512638,0.078414378999574,0.92225
"108","b_treatment",-0.423483364683429,0.346640353480301,-1.10428881919718,-0.13348316955562,0.143040537628521,0.8885
"109","b_treatment",-0.519985252718966,0.363073992909731,-1.23277234766214,-0.216910484313791,0.0839486822267816,0.92025
"11","b_treatment",-0.469205571050969,0.398112823198841,-1.2696159703076,-0.128492731722826,0.171497032425479,0.8845
"110","b_treatment",-0.342539231290774,0.367250939421175,-1.05285292199628,-0.033221219752447,0.26013602121207,0.82025
"111","b_treatment",-0.49201421720551,0.337262107844402,-1.1546078559364,-0.208386669578574,0.0526953698035111,0.92725
"112","b_treatment",-0.54038938372588,0.370187123376115,-1.2680280932812,-0.225980057174205,0.0568062482348179,0.9315
"113","b_treatment",-0.525010445600037,0.362358641878174,-1.23696856651976,-0.219851359309507,0.0784747494653506,0.92825
"114","b_treatment",-0.576361023445933,0.372186906476158,-1.30468299208997,-0.251904755411698,0.0358068246886676,0.939
"115","b_treatment",-0.521617180114816,0.390461845729679,-1.31155924279237,-0.208382259295502,0.114713096386811,0.9145
"116","b_treatment",-0.541299334719618,0.358380277824052,-1.24430711749781,-0.243222576122008,0.0566456230979494,0.93375
"117","b_treatment",-0.458297443230247,0.357097223061804,-1.15997754028366,-0.166347900606699,0.144445937379613,0.899
"118","b_treatment",-0.47838698921792,0.340040789531683,-1.12098705619874,-0.193928350570998,0.0811621448112275,0.91925
"119","b_treatment",-0.539410250013154,0.387287215189276,-1.31436472430147,-0.209979371815685,0.0913988138261679,0.91875
"12","b_treatment",-0.919966675643329,0.454040297351156,-1.85623355087279,-0.548077884143911,-0.195066411756067,0.97975
"120","b_treatment",-0.460836387283322,0.366655126223499,-1.16269669667592,-0.148864095364183,0.132981018363656,0.89675
"121","b_treatment",-0.668127952820407,0.43529965811486,-1.54650433414677,-0.297107590269918,0.0214189537797909,0.943
"122","b_treatment",-0.450974873558284,0.411945528935538,-1.24926549957456,-0.111388746423592,0.232564853716813,0.86475
"123","b_treatment",-0.74486567112862,0.38050679039436,-1.50515304054457,-0.424341895856036,-0.138131093642203,0.981
"124","b_treatment",-0.538726070149038,0.387145280517062,-1.30320545840753,-0.199514782578366,0.0920309499037177,0.91625
"125","b_treatment",-0.524502439717834,0.359072419960171,-1.20905915666552,-0.226940052117246,0.0664136006911201,0.92825
"126","b_treatment",-0.486155978747946,0.368644751353073,-1.20247862502535,-0.182376383102871,0.124060977293109,0.906
"127","b_treatment",-0.591001527904087,0.39331952785941,-1.3495814071869,-0.253838554244886,0.0361421787944948,0.9375
"128","b_treatment",-0.744183503262917,0.404350710898658,-1.54646075747111,-0.398588481856358,-0.0970491560739349,0.96775
"129","b_treatment",-0.715290343044449,0.451267876174394,-1.61946351569701,-0.340141028941964,0.00120607362060748,0.9495
"13","b_treatment",-0.519045110056361,0.372162577143537,-1.2676654239454,-0.207162177551206,0.0839682765767114,0.91925
"130","b_treatment",-0.503948753427437,0.396317333226872,-1.27035587789963,-0.172618045864037,0.139105369509241,0.89475
"131","b_treatment",-0.552955917022499,0.411255501717455,-1.38588344181651,-0.204473714272248,0.121455502523777,0.911
"132","b_treatment",-0.519673637694387,0.383120262837937,-1.29906254584696,-0.218638376017655,0.11105864821083,0.916
"133","b_treatment",-0.408076967121336,0.39066054811602,-1.2059760878423,-0.0753518858828585,0.22403023991684,0.8625
"134","b_treatment",-0.426797112293155,0.343914550096839,-1.12002052453607,-0.14326856238836,0.148661185149972,0.896
"135","b_treatment",-0.439436981362073,0.347063975436858,-1.12654281591223,-0.150450448630809,0.136442271798608,0.89775
"136","b_treatment",-0.419609403246148,0.33260559894076,-1.06649708807377,-0.13858713849335,0.131653361448589,0.8975
"137","b_treatment",-0.436068169523074,0.331752598814889,-1.0805966782046,-0.151978194272098,0.0916500664508519,0.9065
"138","b_treatment",-0.600707853526149,0.426872774431607,-1.4208214002695,-0.249495003162313,0.104486874487886,0.91925
"139","b_treatment",-0.512833512989975,0.395188333686157,-1.3181552834084,-0.184810749003249,0.137785826526152,0.907
"14","b_treatment",-0.430380675491636,0.339854779236265,-1.08396222385372,-0.139577678630343,0.125716159427781,0.90025
"140","b_treatment",-0.486497147849442,0.354009868175509,-1.17939713490336,-0.182413023116255,0.100899422595774,0.9165
"141","b_treatment",-0.579537829138565,0.401623207325288,-1.40455756001009,-0.241162236283767,0.0644520617130869,0.9315
"142","b_treatment",-0.452103717528105,0.348190717410032,-1.14452199978262,-0.165815993787822,0.124675794739507,0.903
"143","b_treatment",-0.408856626753331,0.343671296724339,-1.09961359325988,-0.125561563943876,0.151978569077058,0.8845
"144","b_treatment",-0.610623156766387,0.3828667927389,-1.35813257168047,-0.287816472486483,0.0126542147673969,0.9455
"145","b_treatment",-0.502208490380806,0.364000576790419,-1.21973704577672,-0.186738957166785,0.0871776290463694,0.91675
"146","b_treatment",-0.443867130506993,0.411281162870695,-1.24695509136942,-0.0963813043763709,0.237188989094335,0.86125
"147","b_treatment",-0.394624055272315,0.375041223206196,-1.13291841381004,-0.0806588413770992,0.215334367650972,0.8615
"148","b_treatment",-0.540508823576519,0.374103008790054,-1.28384742570934,-0.228953531512692,0.0675518767566611,0.93225
"149","b_treatment",-0.449062749838716,0.366328104780851,-1.18325584739214,-0.143868099500268,0.158306594401732,0.892
"15","b_treatment",-0.51906612595557,0.393471100441606,-1.28866222556002,-0.184473138961268,0.121437035676624,0.90875
"150","b_treatment",-0.568904443035677,0.382376501471382,-1.35273106905802,-0.242652410731544,0.0411855968521249,0.93675
"151","b_treatment",-0.565631363619477,0.395433189017951,-1.32857577706547,-0.231358647953117,0.0795717117979465,0.92825
"152","b_treatment",-0.513434290258117,0.353642675702896,-1.19723133210528,-0.211563701342165,0.0507160979372403,0.92875
"153","b_treatment",-0.400798897456601,0.343795651065587,-1.07199623615522,-0.113175456240778,0.165574812273825,0.88075
"154","b_treatment",-0.611297391317907,0.382950804495939,-1.38093159597409,-0.288583666662801,0.020323407787256,0.94225
"155","b_treatment",-0.45230249055674,0.353973783440212,-1.17297123638584,-0.158219593008893,0.118584721116049,0.902
"156","b_treatment",-0.547803308957901,0.403255113283017,-1.34514146800766,-0.206196768203886,0.0956350590936625,0.91575
"157","b_treatment",-0.336783903197237,0.354911466567017,-1.0514119562074,-0.0350066795301925,0.237868909944078,0.83125
"158","b_treatment",-0.492273310520618,0.360913255589465,-1.20256907802165,-0.176092560944018,0.0777967921973017,0.91075
"159","b_treatment",-0.412519618493916,0.397188809460372,-1.21946475861658,-0.0748879619732307,0.238534711112896,0.855
"16","b_treatment",-0.408582128982965,0.379339313446044,-1.1533038147726,-0.0843535233911111,0.224314222831572,0.85925
"160","b_treatment",-0.371183773975207,0.363697716794048,-1.10187090055201,-0.0590043475034129,0.208540960837292,0.843
"161","b_treatment",-0.554869847660092,0.419787186667929,-1.37946448857426,-0.196390257233178,0.140326132993083,0.90375
"162","b_treatment",-0.551372258204891,0.36266340959272,-1.2716038833478,-0.240438266048944,0.0445729321655283,0.9385
"163","b_treatment",-0.316922667744456,0.379415957471023,-1.07343800419703,-0.000534901389950283,0.301705459409322,0.8005
"164","b_treatment",-0.611794045404845,0.395749871171474,-1.41430820420115,-0.273135123045538,0.0225232031679855,0.94475
"165","b_treatment",-0.493403386000316,0.355427724214692,-1.17131134486719,-0.19644160435028,0.0930989230330308,0.9145
"166","b_treatment",-0.494433778114955,0.392291676951898,-1.2693308120831,-0.165742769530025,0.151306837330098,0.89
"167","b_treatment",-0.546309922358497,0.398885566038294,-1.30034491488566,-0.196583477082693,0.102383672878731,0.909
"168","b_treatment",-0.52444659036197,0.368454880132865,-1.26560116185517,-0.220370160440903,0.0763980915123306,0.92575
"169","b_treatment",-0.46654070135299,0.375245784167222,-1.21224622681506,-0.147968626880978,0.147392955117002,0.887
"17","b_treatment",-0.422497095597024,0.346815021210821,-1.13458024560896,-0.132245935544612,0.148125991858961,0.8865
"170","b_treatment",-0.410847849665495,0.383605233146825,-1.13535139699345,-0.0810798524994539,0.224648008932179,0.852
"171","b_treatment",-0.555190883089729,0.436911544879768,-1.42519938506356,-0.19102298369036,0.176245943115665,0.8975
"172","b_treatment",-0.495808242200299,0.378288318833968,-1.25500594414939,-0.182506925753406,0.136402000822998,0.9035
"173","b_treatment",-0.417334565664388,0.363520237296174,-1.1157719007797,-0.104898890084144,0.172854370832995,0.869
"174","b_treatment",-0.532240613999316,0.392046974630081,-1.30682385422937,-0.208727161514595,0.107406564100496,0.9135
"175","b_treatment",-0.456618596902565,0.360745740795334,-1.16250184203289,-0.14818873016584,0.134546131089421,0.896
"176","b_treatment",-0.41031598882658,0.379658317327017,-1.15580232446317,-0.0906342606905979,0.198668796842682,0.86
"177","b_treatment",-0.471801693466896,0.369261304460343,-1.22378178560869,-0.163457327523925,0.118314441439241,0.9
"178","b_treatment",-0.544670587226554,0.402985555655346,-1.33317433949987,-0.213718659035088,0.101448707803186,0.91675
"179","b_treatment",-0.55888050860933,0.382175117453252,-1.30889631174259,-0.230548154238738,0.0683437853293131,0.928
"18","b_treatment",-0.43482325398492,0.381011115655304,-1.18888701864927,-0.119080765730413,0.185957093094959,0.8765
"180","b_treatment",-0.557374684556937,0.348152177545905,-1.22469640904612,-0.262703699159197,0.0210727009150647,0.9445
"181","b_treatment",-0.363600230670865,0.391537013362478,-1.14537987231072,-0.0436360022618097,0.264988823078515,0.82625
"182","b_treatment",-0.522220929437877,0.391969729939255,-1.31147275621037,-0.196674570462138,0.0993920202615822,0.91525
"183","b_treatment",-0.607540236921608,0.408077838423839,-1.38542640609275,-0.263816512174716,0.0754676283550589,0.926
"184","b_treatment",-0.595725596047812,0.374493844284831,-1.34062101657315,-0.280148370800392,-0.000653837970270963,0.95
"185","b_treatment",-0.516886261128709,0.398639594865835,-1.33131880913704,-0.18458154293113,0.125780388771426,0.91
"186","b_treatment",-0.516096926932376,0.372634814605373,-1.24288070227698,-0.206978448708636,0.0976989959184827,0.92175
"187","b_treatment",-0.475131643744426,0.363721141268171,-1.18870176550091,-0.166925697801588,0.121867023695585,0.907
"188","b_treatment",-0.473306299974156,0.344734896143424,-1.15405813955158,-0.179843198552209,0.0899110304877197,0.917
"189","b_treatment",-0.627762471940367,0.370377850087486,-1.35776684142538,-0.316589495805265,-0.0209699024579889,0.9555
"19","b_treatment",-0.660853180619613,0.355748385562632,-1.34587037096799,-0.35042849315068,-0.0738915240497166,0.9685
"190","b_treatment",-0.455788610648689,0.378270071565346,-1.21672732260557,-0.135066887054573,0.159399251782181,0.88075
"191","b_treatment",-0.532233075860946,0.404124920609349,-1.3381255017863,-0.188451625596853,0.134642125379339,0.90725
"192","b_treatment",-0.615929061866992,0.422589696922481,-1.46901002250198,-0.256590733607256,0.0750007478502206,0.928
"193","b_treatment",-0.780447696923276,0.476021517346479,-1.7197739799154,-0.391940466237593,-0.00646550139788711,0.95125
"194","b_treatment",-0.593305785658812,0.386410730076933,-1.34854224545279,-0.25946022008286,0.0409467719450291,0.93825
"195","b_treatment",-0.520178193871713,0.371581079635674,-1.2767363022801,-0.217017624804289,0.0753900611693474,0.9255
"196","b_treatment",-0.589092129309529,0.364002231866631,-1.31459549848891,-0.282780002623992,0.0143359555582595,0.94675
"197","b_treatment",-0.519435268198116,0.379389226787205,-1.26774590084134,-0.198592755520321,0.102419999815759,0.91375
"198","b_treatment",-0.506034394985779,0.379287108790416,-1.25008544517455,-0.189021679329916,0.110974339128515,0.91375
"199","b_treatment",-0.52645693610039,0.353338509122199,-1.23225233751519,-0.227622568323416,0.0442029867528709,0.933
"2","b_treatment",-0.540927860636842,0.395782238731189,-1.32290751425793,-0.204294659303337,0.109317393161808,0.9145
"20","b_treatment",-0.458287104470067,0.346058770401543,-1.15913956914431,-0.166601053446594,0.107069318602923,0.9095
"200","b_treatment",-0.461246423169826,0.354212252965855,-1.1388067406452,-0.166509779276396,0.129321727345505,0.89825
"201","b_treatment",-0.504595343028487,0.364162441080374,-1.20887514323276,-0.19094036641363,0.095938678092357,0.91625
"202","b_treatment",-0.354934394682736,0.337206830970858,-1.01387089437562,-0.0665854808675864,0.195651644017164,0.855
"203","b_treatment",-0.800459415764114,0.387639219436894,-1.57224230239957,-0.465586035839112,-0.180662938633126,0.9855
"204","b_treatment",-0.619679667389368,0.381004226353788,-1.39883375618658,-0.299070360586096,-0.00456033679362896,0.9515
"205","b_treatment",-0.457678155010539,0.396363313433299,-1.23242602610789,-0.129920254475739,0.184997002171513,0.875
"206","b_treatment",-0.545817745055516,0.356525860647889,-1.22951125138536,-0.260439478109672,0.0525252844685072,0.934
"207","b_treatment",-0.506913715072123,0.376669985043426,-1.25623386673809,-0.195355297771956,0.110418935077061,0.90875
"208","b_treatment",-0.416420944078883,0.34757942725326,-1.09591608647154,-0.123731345897487,0.163392409718253,0.881
"209","b_treatment",-0.510956918956077,0.402426402069133,-1.31651465617201,-0.178670713266293,0.153627375739494,0.90275
"21","b_treatment",-0.619693271204963,0.38538660113546,-1.39424833313964,-0.297350898225304,0.0137495046395551,0.94575
"210","b_treatment",-0.554046155180928,0.376628266963802,-1.31373646682214,-0.235718738202384,0.0624157503936504,0.929
"211","b_treatment",-0.390345567996096,0.350352735509675,-1.08489110725499,-0.097854367839914,0.183549690555118,0.867
"212","b_treatment",-0.738134181769886,0.427916964507104,-1.60824009809434,-0.3746409654111,-0.0565951517115921,0.9635
"213","b_treatment",-0.535762786976694,0.375847093059929,-1.2839635502133,-0.217249183521778,0.0692719364492169,0.9265
"214","b_treatment",-0.45630000043024,0.389639211895273,-1.23192937665037,-0.132245194124507,0.19075009463323,0.882
"215","b_treatment",-0.581011998108624,0.409295779412931,-1.38354019766528,-0.238094505095177,0.0839602262729543,0.92475
"216","b_treatment",-0.543582510119123,0.370109434606664,-1.29217897914122,-0.232828613995435,0.0530864583961059,0.929
"217","b_treatment",-0.508226418861533,0.370896992663223,-1.23107584198976,-0.202405783256524,0.107903061575495,0.9155
"218","b_treatment",-0.669274963803539,0.421794228403312,-1.49616090819778,-0.30804545830413,0.00932692590413357,0.9475
"219","b_treatment",-0.507966800148649,0.361594207456445,-1.20116076962589,-0.209693130060984,0.0959200434196565,0.92325
"22","b_treatment",-0.562401796187467,0.402145499938222,-1.36742212725776,-0.220198641050388,0.0805513053751102,0.92175
"220","b_treatment",-0.350261951361327,0.400095455249002,-1.13349773776158,-0.0143228335644255,0.312359579815691,0.80925
"221","b_treatment",-0.46485597054518,0.368282698946807,-1.19800939320514,-0.157081858916586,0.143849942934473,0.8925
"222","b_treatment",-0.599477788794064,0.413642851516152,-1.41938980544482,-0.259907862824065,0.0655265664737653,0.93275
"223","b_treatment",-0.661345887329347,0.412243945925176,-1.47852729433098,-0.310902273008256,0.00398369994342434,0.94925
"224","b_treatment",-0.511356949282855,0.37106329913983,-1.24476253160449,-0.189564885831671,0.0972313135705823,0.914
"225","b_treatment",-0.54945484907659,0.394957764624578,-1.31324424917449,-0.216879664800485,0.120778232658069,0.91575
"226","b_treatment",-0.637330566000279,0.355048940077472,-1.34167541762932,-0.344169099847242,-0.0562269300349608,0.96225
"227","b_treatment",-0.537067857596644,0.356036495553016,-1.2447137457343,-0.232547581083913,0.0391107410675623,0.93525
"228","b_treatment",-0.684724249892943,0.421485896397791,-1.53069742061031,-0.335615520693989,-0.00577173336159204,0.95175
"229","b_treatment",-0.568429068238587,0.397288174854524,-1.35172507025441,-0.231678797199705,0.0692165052855865,0.927
"23","b_treatment",-0.575360500403934,0.406770043907065,-1.39325076540647,-0.233525506282839,0.0813491986899924,0.92375
"230","b_treatment",-0.40373184753688,0.376599163773653,-1.14083003553669,-0.082899457008783,0.237504308473944,0.85875
"231","b_treatment",-0.500904431748545,0.364042765717539,-1.21619945097036,-0.19645314219546,0.0763114227884089,0.91675
"232","b_treatment",-0.512054984280084,0.393441292886618,-1.25792470053084,-0.185756346072753,0.137238949153939,0.89675
"233","b_treatment",-0.592832053981854,0.354441943986564,-1.29526788374076,-0.284817017752989,-0.0230153612885385,0.95725
"234","b_treatment",-0.405576032574942,0.368844456368404,-1.14601824574324,-0.0960927230496071,0.199172798531794,0.8645
"235","b_treatment",-0.500225278797226,0.376530676958841,-1.23238073513025,-0.186695934081399,0.108501764397102,0.9085
"236","b_treatment",-0.520946576375022,0.376153878352178,-1.23156436867267,-0.203747587287232,0.0984118130242925,0.916
"237","b_treatment",-0.496094831919926,0.352029608977055,-1.19333426665855,-0.202461506361584,0.0880427989431891,0.92175
"238","b_treatment",-0.514106627774558,0.379801138718888,-1.25450870883129,-0.204837753688434,0.101555389349557,0.91725
"239","b_treatment",-0.61242313682664,0.376760588384866,-1.3568772851298,-0.290056977046448,-0.0159729218710024,0.95325
"24","b_treatment",-0.527787673232955,0.363876303338438,-1.2461560173066,-0.225325054186713,0.0737317858064008,0.9275
"240","b_treatment",-0.542892183429411,0.369252377187511,-1.27963103993889,-0.231085218590628,0.0677734963602712,0.928
"241","b_treatment",-0.451426228616653,0.353382935136589,-1.16097774266227,-0.152892488917152,0.114540101210563,0.9
"242","b_treatment",-0.630949885264584,0.369229108721503,-1.38153723814358,-0.325172623227808,-0.0250741723271389,0.95625
"243","b_treatment",-0.401571472152043,0.371400878951876,-1.15202632284535,-0.0911676705407065,0.224063324310333,0.86175
"244","b_treatment",-0.527928526597596,0.378220627405873,-1.26609159684326,-0.21054377784574,0.0994434145138876,0.92275
"245","b_treatment",-0.570648434416001,0.377500772224665,-1.32325869246723,-0.247751191900823,0.049521240101588,0.9365
"246","b_treatment",-0.456106643701103,0.371606618760933,-1.19500484218708,-0.137611041853432,0.154520416759913,0.8915
"247","b_treatment",-0.454124568315165,0.38373757108357,-1.18289896627786,-0.131477215107958,0.178004568518805,0.873
"248","b_treatment",-0.63586539802901,0.383474487616257,-1.41064367647447,-0.310359566553828,-0.017977807673656,0.95575
"249","b_treatment",-0.50816584466445,0.385046249067158,-1.24878157726898,-0.189543584939504,0.133096036193728,0.9085
"25","b_treatment",-0.546958166193498,0.361550127056646,-1.26464510865067,-0.240857968746686,0.0596544042540743,0.932
"250","b_treatment",-0.602332612392411,0.410813861643087,-1.44021358457764,-0.259539522355866,0.0470990573279324,0.9385
"251","b_treatment",-0.512946852026377,0.370609762825373,-1.24790717499451,-0.202259810103905,0.0770335489864861,0.92325
"252","b_treatment",-0.499660733608316,0.367542299434756,-1.23099489993361,-0.195971160599401,0.107835136485378,0.91375
"253","b_treatment",-0.489043280177006,0.390260632251143,-1.24344646727547,-0.160787242022444,0.149866086270797,0.89425
"254","b_treatment",-0.944541422073217,0.378950811410968,-1.71820953260112,-0.617204927755333,-0.33676777912737,0.9955
"255","b_treatment",-0.578954174900195,0.41677823554583,-1.3982639455095,-0.229827046475639,0.0857929913646912,0.9195
"256","b_treatment",-0.632900519655329,0.365595385239077,-1.33272017280723,-0.322466465535548,-0.0354933514978957,0.96025
"257","b_treatment",-0.596348866831041,0.371126798161887,-1.31381544633357,-0.286134241227408,0.00574100487939129,0.947
"258","b_treatment",-0.545833021777304,0.363438567144235,-1.24117715950666,-0.23551583990014,0.0551604993159315,0.9325
"259","b_treatment",-0.532642098401261,0.388863751583402,-1.31627800191973,-0.201707344005363,0.10135148837684,0.91375
"26","b_treatment",-0.402422136936101,0.361549945361662,-1.1218351910915,-0.103930177220883,0.182557803888386,0.87
"260","b_treatment",-0.502589432947778,0.361484437997368,-1.23148527572153,-0.200938345232244,0.0802069229634442,0.91775
"261","b_treatment",-0.6513376040522,0.378703302081921,-1.40115644461235,-0.332296888107521,-0.030397775538052,0.9595
"262","b_treatment",-0.457025776513595,0.35060971405252,-1.1575984158975,-0.159404497785824,0.123307055231959,0.908
"263","b_treatment",-0.427641087099938,0.369571760861703,-1.14948727691722,-0.122377867639841,0.161639922128415,0.877
"264","b_treatment",-0.569019532226799,0.409177659314282,-1.38345783995715,-0.2306374485439,0.101173478743209,0.92275
"265","b_treatment",-0.398380191073729,0.355081007294908,-1.06398422415454,-0.103671366722617,0.192499391000111,0.866
"266","b_treatment",-0.551809335912833,0.392276157138614,-1.32075627391562,-0.232358447195343,0.104255823068701,0.9195
"267","b_treatment",-0.495591111579773,0.365669237803729,-1.21324936470972,-0.182738226575178,0.0947997444460424,0.91375
"268","b_treatment",-0.557289651452531,0.34762796653199,-1.26747234703181,-0.267715308691581,0.0059839598574998,0.94825
"269","b_treatment",-0.587400512726617,0.391901636258197,-1.35962869814328,-0.256473643107957,0.0506901479522797,0.93625
"27","b_treatment",-0.617248280495839,0.39751943695027,-1.40305063532064,-0.280514547213881,0.0297683938208038,0.943
"270","b_treatment",-0.570690270639378,0.385424179673216,-1.35231964246492,-0.246668359267105,0.0662748587694913,0.93225
"271","b_treatment",-0.556328892604147,0.356696180663545,-1.24125583064225,-0.250305962140515,0.0177313164152892,0.9435
"272","b_treatment",-0.583860590125464,0.37884411043462,-1.32039112531135,-0.269192218134924,0.0418952240580846,0.9365
"273","b_treatment",-0.600531071408324,0.384326967636867,-1.36918297453908,-0.28809787541403,0.0292735519953988,0.94075
"274","b_treatment",-0.376616570265731,0.373681848113727,-1.10703857643015,-0.0546316500368571,0.228590629212626,0.84075
"275","b_treatment",-0.578230782061021,0.399690667005568,-1.37623081857741,-0.233904839638057,0.0567159494859108,0.93275
"276","b_treatment",-0.434602687265882,0.395539070798437,-1.23291133575301,-0.104174130595582,0.214237027472801,0.8655
"277","b_treatment",-0.528096551914597,0.349796624048204,-1.2194055925988,-0.229308030839984,0.0332910868928065,0.94025
"278","b_treatment",-0.536220032014493,0.390122448738045,-1.30426573803065,-0.204301776564798,0.0916267868511137,0.917
"279","b_treatment",-0.493843451961247,0.361761660540537,-1.21621686071687,-0.186291144649351,0.0983275764811858,0.90825
"28","b_treatment",-0.269043522490345,0.339907511365433,-0.933787081820449,0.00929701625614495,0.287568834132825,0.79225
"280","b_treatment",-0.482493452574838,0.363896283483876,-1.24318207784755,-0.178601371718068,0.0997362717207562,0.91225
"281","b_treatment",-0.451410252451391,0.372129089690312,-1.18403078298924,-0.13565142259843,0.152867979601231,0.8865
"282","b_treatment",-0.419145516416264,0.357710222218693,-1.12849377705366,-0.117510685761154,0.153320046651078,0.87825
"283","b_treatment",-0.647748373847538,0.416571767361961,-1.47910414367901,-0.298081904367301,0.0480751917446345,0.9375
"284","b_treatment",-0.4657945876934,0.35277941230708,-1.15538515032171,-0.171621519040266,0.104457386500038,0.90875
"285","b_treatment",-0.490712343636946,0.37551587404503,-1.23458668228675,-0.178939660310907,0.130799935803416,0.90775
"286","b_treatment",-0.5513001464657,0.363689522949372,-1.25012658509702,-0.249908784001709,0.0473878665008742,0.93575
"287","b_treatment",-0.488841783978084,0.365038808421175,-1.2068667365114,-0.179724631654918,0.0930252645426576,0.9165
"288","b_treatment",-0.432736298663625,0.384353836259862,-1.19675079287018,-0.107256966274517,0.190031100337102,0.866
"289","b_treatment",-0.574735072212517,0.454306771947977,-1.48022351205248,-0.201263541567429,0.152208752040441,0.90625
"29","b_treatment",-0.584439509572263,0.437548041259225,-1.47083135386453,-0.214599738205583,0.132234479472249,0.91025
"290","b_treatment",-0.45747509799111,0.36833470746666,-1.16864866364292,-0.144462808949636,0.151901510240957,0.888
"291","b_treatment",-0.551661298225703,0.363608528620339,-1.26246845522617,-0.249494164537846,0.043941065918841,0.93475
"292","b_treatment",-0.605103298999434,0.374727202934131,-1.33770495859819,-0.294429460037905,0.00228161275687064,0.94975
"293","b_treatment",-0.441403055347748,0.383912092664074,-1.20662687515599,-0.11955229292242,0.186728373102668,0.87875
"294","b_treatment",-0.501825697146324,0.36015889417222,-1.21681844413667,-0.210223369696883,0.0806329586235617,0.91975
"295","b_treatment",-0.491260404479851,0.413508415326293,-1.31772375923706,-0.145394849093087,0.162782514541434,0.884
"296","b_treatment",-0.440056798230142,0.36578164285975,-1.16915479100623,-0.126010009916827,0.154448937127567,0.88375
"297","b_treatment",-0.473764217212299,0.379432902609049,-1.20629677569402,-0.156250324866101,0.149052290490746,0.89475
"298","b_treatment",-0.503612074370081,0.386350098162277,-1.27970272497574,-0.176992815924021,0.128935814624089,0.908
"299","b_treatment",-0.60655482287484,0.412786922053818,-1.42824382181482,-0.259960453231515,0.0825565104149887,0.927
"3","b_treatment",-0.674577348856778,0.427234375405139,-1.53960890386656,-0.325100013337229,0.0190820739247835,0.94475
"30","b_treatment",-0.526534113422485,0.348117593798721,-1.23442107737849,-0.238179038774828,0.0389105635065783,0.93775
"300","b_treatment",-0.558816625423936,0.387681510435002,-1.33448469197017,-0.23552649179307,0.0709994590961143,0.9245
"301","b_treatment",-0.567958563786285,0.351709249555302,-1.24823813852451,-0.28332485374515,0.0117461874727336,0.94775
"302","b_treatment",-0.634550198497431,0.398849353055414,-1.41573294228565,-0.301258828214638,0.0175925535122636,0.9445
"303","b_treatment",-0.550119624915517,0.405339593613615,-1.35559207584087,-0.208474952442486,0.121514839018851,0.91425
"304","b_treatment",-0.563711768451435,0.369823931713936,-1.28716635355985,-0.252336967019832,0.0343032889148739,0.93825
"305","b_treatment",-0.544704252128207,0.370584217555374,-1.27727351832393,-0.232835314271978,0.0546886477044314,0.934
"306","b_treatment",-0.549109620482617,0.380841880149797,-1.30198161135499,-0.239696029912435,0.0756569942090743,0.923
"307","b_treatment",-0.836721405440071,0.371640140351251,-1.56110084275391,-0.525922923099157,-0.235159095962673,0.9885
"308","b_treatment",-0.58294077729539,0.363559370820137,-1.30219642919325,-0.28001592212064,0.00642074983972167,0.94875
"309","b_treatment",-0.471008242359549,0.372444576412809,-1.20517022534726,-0.157167317697398,0.14192285080415,0.89875
"31","b_treatment",-0.502112387004563,0.367232366096417,-1.240866617916,-0.193461351200267,0.0965330707665383,0.91525
"310","b_treatment",-0.425844042702642,0.349776812282927,-1.10831209293431,-0.133307795995021,0.146445356707204,0.88775
"311","b_treatment",-0.618294030039132,0.393825219963767,-1.4182430633561,-0.288154450557081,0.0353910855395588,0.94125
"312","b_treatment",-0.601856359902249,0.383058554810538,-1.38000199312391,-0.288790491822249,0.0291142629233406,0.9435
"313","b_treatment",-0.668902596365861,0.396549008366552,-1.46089563701177,-0.329232396778678,-0.0278436055061138,0.9575
"314","b_treatment",-0.472468511714458,0.34905535943088,-1.13677935537554,-0.177949843496498,0.116605021073949,0.91275
"315","b_treatment",-0.577438167107113,0.422387900362483,-1.40721886701491,-0.224606967210426,0.141584767277936,0.909
"316","b_treatment",-0.423646301728739,0.39087614030554,-1.21908004905327,-0.0905502859710406,0.215767490543873,0.858
"317","b_treatment",-0.458743328463059,0.360702309042342,-1.17521806830263,-0.151845989076669,0.120682041983921,0.8975
"318","b_treatment",-0.504405842214846,0.389751247138667,-1.29354575606654,-0.180398512372852,0.139193844795798,0.901
"319","b_treatment",-0.299786048212651,0.3487294729051,-0.968923174921238,0.00495404274319434,0.281570394419797,0.79675
"32","b_treatment",-0.58375853688125,0.368186276439325,-1.29569454831465,-0.276078046410166,0.0282339394175323,0.94225
"320","b_treatment",-0.337497244300897,0.353080594563792,-1.02290110569351,-0.0383565959512728,0.227338446005106,0.8335
"321","b_treatment",-0.54565988175234,0.363520813132541,-1.24790405047474,-0.235595823309682,0.0417595463713593,0.93375
"322","b_treatment",-0.485425991953958,0.376562657447008,-1.25015335081959,-0.170034812732389,0.129825288519358,0.90525
"323","b_treatment",-0.399095150573319,0.358834235732219,-1.10238638882304,-0.10700884674049,0.201701723897132,0.86925
"324","b_treatment",-0.459220842027526,0.397301030609948,-1.25602464396425,-0.123375229627942,0.181503145386408,0.88
"325","b_treatment",-0.507520402219559,0.391264618589274,-1.29502203177131,-0.182531873733663,0.132736124193405,0.90625
"326","b_treatment",-0.56351939468251,0.356090391971921,-1.27484436019153,-0.263682983070996,0.011045414233787,0.94525
"327","b_treatment",-0.421760345688569,0.390091661488133,-1.19178829313264,-0.0964266406066538,0.215839473794535,0.863
"328","b_treatment",-0.299798335076052,0.331215443617794,-0.935662462978067,-0.0154747716631161,0.247909983750617,0.81475
"329","b_treatment",-0.579188335605861,0.374284164943346,-1.33147911523809,-0.263397406583738,0.0165149834574535,0.94275
"33","b_treatment",-0.594075613538055,0.43287098237963,-1.47047695192134,-0.233784035339357,0.121447183595347,0.9175
"330","b_treatment",-0.532635088046516,0.384023020666311,-1.27971054797617,-0.227430833402971,0.103829428027523,0.9135
"331","b_treatment",-0.469221278581184,0.376518411985264,-1.22658306411738,-0.158179048998047,0.129038552841823,0.89325
"332","b_treatment",-0.585635985541337,0.373137226212538,-1.33811030172357,-0.259392661027889,0.0282687555589871,0.9395
"333","b_treatment",-0.363727167549476,0.375579789870069,-1.11494881036296,-0.0538503071722096,0.253709616392723,0.836
"334","b_treatment",-0.570969359633559,0.431545514877015,-1.4540875198379,-0.210787060067998,0.130573325580094,0.9085
"335","b_treatment",-0.320056503118756,0.345572252952203,-1.01590496466518,-0.0336419951426039,0.245466949246521,0.8285
"336","b_treatment",-0.416676696731333,0.358998979394115,-1.10125526081957,-0.11087313412739,0.170048952213615,0.87
"337","b_treatment",-0.529430293200422,0.362914085689166,-1.23677738966004,-0.205228626736886,0.065245114005014,0.931
"338","b_treatment",-0.519195903849825,0.376875660248759,-1.26751376780492,-0.206782298759467,0.096411129620975,0.92025
"339","b_treatment",-0.506450576113369,0.379145784588488,-1.24997499518986,-0.188509905037486,0.121857626387156,0.9125
"34","b_treatment",-0.605681986263389,0.390370996958952,-1.38085726577719,-0.28329043482274,0.0366871765706805,0.936
"340","b_treatment",-0.528717763897179,0.379386880828117,-1.25071184371593,-0.211628256602437,0.0911690851960197,0.91825
"341","b_treatment",-0.750924329202306,0.416333649572406,-1.5976130923594,-0.401061011751296,-0.0746526271568429,0.9655
"342","b_treatment",-0.471793863140177,0.364042776634741,-1.19537753216951,-0.164822393315302,0.126183964253569,0.90275
"343","b_treatment",-0.611938428013622,0.399354908914437,-1.39246555060232,-0.271911552243343,0.0179533248242483,0.94275
"344","b_treatment",-0.617572369732378,0.372031000642961,-1.36469684049054,-0.30874031648479,-0.012552445125404,0.95225
"345","b_treatment",-0.653534969188663,0.388988623647386,-1.43608750626605,-0.327793233007005,-0.0261919220145073,0.955
"346","b_treatment",-0.61606333167549,0.405934130194518,-1.40809458701407,-0.278974604124508,0.0435088261975047,0.9375
"347","b_treatment",-0.651982426746181,0.408533209957342,-1.47403714730119,-0.306140735225831,-0.00415387226920363,0.9515
"348","b_treatment",-0.601318849501437,0.40153823539097,-1.38838279711339,-0.269811109431984,0.0477487195631983,0.93625
"349","b_treatment",-0.568059832652801,0.405775754171945,-1.37102772581665,-0.234754613444631,0.111314433989904,0.92025
"35","b_treatment",-0.560284794748283,0.369536022437279,-1.29256060124212,-0.246701657091534,0.0406921853247538,0.9375
"350","b_treatment",-0.390718542774019,0.428622115486524,-1.22155549813707,-0.0383698097484242,0.322421515719069,0.82125
"351","b_treatment",-0.423140169284731,0.385495673968872,-1.2041701092325,-0.094474786558951,0.198563200360391,0.86675
"352","b_treatment",-0.500866882017023,0.395713987952304,-1.26092769385175,-0.170306203132087,0.139877799578519,0.89925
"353","b_treatment",-0.471725291499364,0.354192369362886,-1.16289386625631,-0.172697188287187,0.103573988300672,0.90525
"354","b_treatment",-0.35757589249558,0.382614304450228,-1.10092118676694,-0.0441383626606045,0.277563236462977,0.82775
"355","b_treatment",-0.331942259846342,0.349468779979264,-1.02575239049239,-0.0373039985494029,0.241978152793475,0.82725
"356","b_treatment",-0.500747506998497,0.401666483692318,-1.29434365742628,-0.158250385165579,0.153593944608779,0.893
"357","b_treatment",-0.303288339228969,0.343866102745105,-0.974517171195642,-0.0113214927019327,0.254061486516398,0.80875
"358","b_treatment",-0.702519543474421,0.401062382216633,-1.49086854272345,-0.364648146438198,-0.0572124891721544,0.96425
"359","b_treatment",-0.491496576770947,0.33485779767115,-1.14776194203839,-0.20705275480988,0.0451179452625199,0.93225
"36","b_treatment",-0.375010246906131,0.37623373727159,-1.10723574422738,-0.0520578090766975,0.245699425581334,0.83775
"360","b_treatment",-0.415417588572397,0.344681519887551,-1.09369262451762,-0.126805113174496,0.143425013985235,0.88675
"361","b_treatment",-0.57771244789978,0.361222792565968,-1.28212158173367,-0.284005978918777,0.0364264241457143,0.94
"362","b_treatment",-0.422110731016275,0.368564426098841,-1.12431140103421,-0.115118208231368,0.182673944199296,0.87275
"363","b_treatment",-0.547046104762616,0.363357610662234,-1.24983071012921,-0.244262589857078,0.0404860875213777,0.935
"364","b_treatment",-0.53908407346518,0.397722638152793,-1.32770469547261,-0.204437643723504,0.114505735216826,0.91325
"365","b_treatment",-0.411806414991688,0.336225913860203,-1.08557605529957,-0.136757431536369,0.144499293754534,0.8905
"366","b_treatment",-0.356520793433226,0.40773235909667,-1.15991737114938,-0.016897445455605,0.326175513699146,0.80975
"367","b_treatment",-0.466076817394222,0.381471233465367,-1.23409313219846,-0.15585794116989,0.170187938051148,0.889
"368","b_treatment",-0.584620145879259,0.398910211600556,-1.35735891497335,-0.246812229207808,0.0691399042808362,0.93
"369","b_treatment",-0.482274613269563,0.390486518491881,-1.23788589545111,-0.155880718240311,0.17080355892555,0.89125
"37","b_treatment",-0.60047184977358,0.376174522191256,-1.32063913910569,-0.285506372607623,0.0177754441827671,0.944
"370","b_treatment",-0.432785174283096,0.344673185156471,-1.10969434890436,-0.144170138789733,0.121525438980193,0.89725
"371","b_treatment",-0.549920893117886,0.357077798086319,-1.26454106417147,-0.246983847205198,0.0242459142817329,0.9405
"372","b_treatment",-0.714922802441215,0.426149497631075,-1.55648144345384,-0.362961929817237,-0.0245973815061747,0.95575
"373","b_treatment",-0.595053985865148,0.404345188033628,-1.37963348714485,-0.255079190276913,0.0517291901500979,0.935
"374","b_treatment",-0.540904097442253,0.387518153595924,-1.29295240458847,-0.214248342244585,0.0999222648847233,0.918
"375","b_treatment",-0.443114807064709,0.377474193663711,-1.19153704302712,-0.138363620645884,0.181835225638208,0.88275
"376","b_treatment",-0.637714316328397,0.384419045372706,-1.39602218877104,-0.310672492155712,-0.0121664007028462,0.953
"377","b_treatment",-0.501565961174055,0.374930329611147,-1.22605875180043,-0.189112974928411,0.10331464963122,0.91075
"378","b_treatment",-0.621216006454373,0.439812082264583,-1.48855117191458,-0.253118920514215,0.0827123334466625,0.9235
"379","b_treatment",-0.469770185005235,0.350757535899137,-1.1378033312219,-0.177122075683755,0.101513917630338,0.91125
"38","b_treatment",-0.466478621840595,0.369781179008322,-1.20190037587432,-0.158796001018153,0.141697765287658,0.90025
"380","b_treatment",-0.480834090722493,0.363567220311884,-1.2007200732916,-0.170460816486601,0.110094018482211,0.90575
"381","b_treatment",-0.413864505468548,0.331081192147007,-1.06716916047455,-0.133799220293115,0.127646836339392,0.902
"382","b_treatment",-0.46078217630618,0.361634588228202,-1.19051233811064,-0.156005354038675,0.133809035173979,0.89475
"383","b_treatment",-0.361913116764343,0.339704183358287,-1.05407548382891,-0.0779119089975604,0.191595903908699,0.8575
"384","b_treatment",-0.470036498139738,0.383815607540463,-1.24796885727517,-0.1463571406079,0.164390302445018,0.88625
"385","b_treatment",-0.523981958827873,0.353185021099903,-1.21384258612037,-0.233580902561082,0.049038655139094,0.932
"386","b_treatment",-0.415387316218493,0.34684891008747,-1.08778596743446,-0.121441889373278,0.165524712740364,0.88125
"387","b_treatment",-0.492514626673338,0.392168290991158,-1.2560314255728,-0.161803659166948,0.153952199521862,0.89475
"388","b_treatment",-0.584991320623127,0.375859249969637,-1.32255500606281,-0.265905090287177,0.0145141962051599,0.947
"389","b_treatment",-0.515856532853789,0.391891116651419,-1.30874231563744,-0.188740140893809,0.115705905833417,0.909
"39","b_treatment",-0.388416534235903,0.340894300653578,-1.05925956931703,-0.107220910598242,0.166549366523308,0.876
"390","b_treatment",-0.602414655713633,0.379048697755161,-1.34812511350189,-0.273735570559834,0.0206637572420074,0.94325
"391","b_treatment",-0.433594283037946,0.374384631813161,-1.16167664349229,-0.12320300087257,0.164278823547386,0.87825
"392","b_treatment",-0.446049150422711,0.37182586426235,-1.17758216234859,-0.131145551304794,0.141955763875348,0.886
"393","b_treatment",-0.50244434504797,0.436440052059284,-1.35762326104635,-0.138240504141111,0.180550705492534,0.88175
"394","b_treatment",-0.407584241133669,0.369405734039225,-1.14099279282035,-0.102770893064172,0.188369267512185,0.8665
"395","b_treatment",-0.406638818033616,0.366663512223051,-1.14739705046263,-0.100715663338186,0.196830618610854,0.86875
"396","b_treatment",-0.561345055009443,0.399624352281502,-1.3479359325758,-0.227466166756958,0.103818123842571,0.91575
"397","b_treatment",-0.64367908621339,0.402494703153901,-1.45058830158742,-0.295610644049125,0.0147684190331585,0.94625
"398","b_treatment",-0.447321012254162,0.360096318815585,-1.16250141001629,-0.148260003872862,0.14408356014371,0.8965
"399","b_treatment",-0.524048798610246,0.372790643614695,-1.27919468621413,-0.212818587136402,0.0891039985725914,0.922
"4","b_treatment",-0.508025351508094,0.350579426949797,-1.18350614489658,-0.203548149034785,0.060765531582201,0.9275
"40","b_treatment",-0.406564558030818,0.342982344663714,-1.07812600665608,-0.120516082034111,0.144300434008728,0.88025
"400","b_treatment",-0.538751052038114,0.399276334120907,-1.33355045407784,-0.20598596580097,0.110342447941998,0.9145
"401","b_treatment",-0.492444265294596,0.368695828530768,-1.23800228057141,-0.180212830944168,0.110246338003345,0.912
"402","b_treatment",-0.702060808124402,0.397269717830363,-1.47635596963661,-0.363124845588796,-0.0473474857135666,0.95875
"403","b_treatment",-0.359083550018382,0.369083618000838,-1.09046359509341,-0.0460509228265618,0.25634280750806,0.83225
"404","b_treatment",-0.494241394180929,0.358538687238212,-1.20674662254583,-0.184808914218211,0.0890896105804881,0.9135
"405","b_treatment",-0.501946871771936,0.37684388242985,-1.24227156046233,-0.183762770593809,0.115531383597199,0.9105
"406","b_treatment",-0.482205574756968,0.388598630095323,-1.24290862299506,-0.165347535573278,0.16933956607947,0.89375
"407","b_treatment",-0.492818423912314,0.371295985874138,-1.23366270029002,-0.177816287342556,0.117568327333735,0.90725
"408","b_treatment",-0.923394987235924,0.458927806016979,-1.81961508999075,-0.531518421205704,-0.174227567797053,0.97925
"409","b_treatment",-0.479449326250636,0.368492856699076,-1.20228066313698,-0.173493181704882,0.129617328325709,0.90175
"41","b_treatment",-0.476558501568976,0.339681205541808,-1.11391090069883,-0.196462658471259,0.0896029843984027,0.91475
"410","b_treatment",-0.408818364072052,0.408780012777442,-1.22625676597355,-0.0619260406971548,0.250015367103159,0.84475
"411","b_treatment",-0.460814384464561,0.363437994274671,-1.17487702954058,-0.152174459600726,0.144921017725008,0.8925
"412","b_treatment",-0.586529337579338,0.409184215137891,-1.40435943047316,-0.239763968843955,0.0735200264279576,0.9295
"413","b_treatment",-0.529925998393932,0.378686842717275,-1.2468699432127,-0.208090488092385,0.101456447377415,0.916
"414","b_treatment",-0.688767250349905,0.407910559217884,-1.49192615796823,-0.35356598942478,-0.025851080533024,0.95625
"415","b_treatment",-0.483384516121868,0.389196349112161,-1.25573049710028,-0.158727822693363,0.140614986904598,0.89575
"416","b_treatment",-0.495210159573962,0.35834863754815,-1.21505569224746,-0.189314640715146,0.0904003063353048,0.92225
"417","b_treatment",-0.426253419495999,0.400116442272067,-1.23917529826404,-0.0907824627492839,0.235424834369999,0.861
"418","b_treatment",-0.664330790729289,0.446415699374116,-1.5532599748,-0.291095820810453,0.0497495943964982,0.934
"419","b_treatment",-0.602354952159627,0.386925997081327,-1.3624822540052,-0.268685524803141,0.0219138893531306,0.94225
"42","b_treatment",-0.646772280909633,0.410447348446487,-1.43823728191159,-0.303269032053262,0.0141839002760646,0.946
"420","b_treatment",-0.562975204429042,0.353338335459097,-1.26437277936986,-0.261731497738547,0.0151572818006495,0.946
"421","b_treatment",-0.500710970917463,0.358847188718612,-1.19568833839395,-0.197504426919186,0.0815115196994235,0.91825
"422","b_treatment",-0.518572951570553,0.417705105593889,-1.34700024953906,-0.169092048702279,0.158934749483042,0.8955
"423","b_treatment",-0.723524828740523,0.438236602166355,-1.61365159574302,-0.351548842329291,-0.0208242984509668,0.95675
"424","b_treatment",-0.430733607774536,0.365458217315327,-1.16584729190806,-0.120160549343465,0.158827265114296,0.882
"425","b_treatment",-0.428456759621455,0.361766696180807,-1.1451541815768,-0.127563462956512,0.179888139022002,0.88375
"426","b_treatment",-0.442416894884597,0.365479633798788,-1.18085563459483,-0.139234690187906,0.143391706098707,0.889
"427","b_treatment",-0.667507052567544,0.446981015776587,-1.57708267886448,-0.286551992171443,0.0429779780863487,0.939
"428","b_treatment",-0.401924364995371,0.392163827811427,-1.1592476324755,-0.0687505373376773,0.240433833922804,0.84175
"429","b_treatment",-0.543977298333531,0.352285714208804,-1.25689527509095,-0.255958480534786,0.0369218971947738,0.93725
"43","b_treatment",-0.471347984111231,0.396449365907694,-1.2718825164578,-0.136879050207347,0.166793217460181,0.88175
"430","b_treatment",-0.534616395391209,0.38398479247345,-1.30431750108716,-0.218243487865648,0.0862473326013181,0.921
"431","b_treatment",-0.489279080118292,0.391751199196467,-1.25482808566852,-0.160384647266298,0.147262267654146,0.8945
"432","b_treatment",-0.584138478309974,0.389256892443724,-1.35113791336676,-0.25585472386814,0.0431385249577052,0.9365
"433","b_treatment",-0.757872130085343,0.390432436415834,-1.52526296015864,-0.437405865258956,-0.127670762395941,0.97625
"434","b_treatment",-0.480908591965969,0.343149682918782,-1.18787779624959,-0.200479705488225,0.0791185228105403,0.92025
"435","b_treatment",-0.517360080781326,0.379693795119555,-1.26142704426026,-0.194376295979803,0.100024914932111,0.91625
"436","b_treatment",-0.576544602723144,0.431541208246091,-1.4376583457765,-0.213328920626281,0.116862626163723,0.91225
"437","b_treatment",-0.485943722333506,0.361790766224256,-1.20593442069327,-0.176585834816606,0.121818565771408,0.90825
"438","b_treatment",-0.462599610355524,0.357594471330948,-1.16505524320652,-0.166096899096735,0.131840850368022,0.902
"439","b_treatment",-0.670754321203007,0.386568160398096,-1.42848629269365,-0.348309814109776,-0.0365848000562261,0.958
"44","b_treatment",-0.531692399452995,0.359848531427088,-1.22737672118797,-0.235998094332801,0.0606604552007696,0.9325
"440","b_treatment",-0.595981606074311,0.398894128098292,-1.3770365058105,-0.255398558113244,0.0603106703999297,0.928
"441","b_treatment",-0.469863000680097,0.400306510927208,-1.27450481518103,-0.145841111894063,0.191859628547272,0.88275
"442","b_treatment",-0.489787935443359,0.389804912057047,-1.29267875245233,-0.158611634863201,0.140594779562401,0.90225
"443","b_treatment",-0.492361366030136,0.375050676608348,-1.24320435722836,-0.170921203529631,0.120572588569286,0.9035
"444","b_treatment",-0.415529223967433,0.409072634432134,-1.22854545213167,-0.0677839335891268,0.254880243379899,0.8465
"445","b_treatment",-0.542435982215,0.412112913700874,-1.36478586152373,-0.197655137397255,0.129344022612107,0.90825
"446","b_treatment",-0.424351827971891,0.40750506857746,-1.21960229877391,-0.0818167171790536,0.242631111254323,0.85325
"447","b_treatment",-0.456081831397596,0.374058891387341,-1.19581992346502,-0.13962071406269,0.143498603746665,0.89375
"448","b_treatment",-0.431170043458624,0.354345259464866,-1.16031491713676,-0.135579372500458,0.157691203961941,0.8885
"449","b_treatment",-0.537454615271755,0.400742364446329,-1.32241431606788,-0.192383866415261,0.112595911335576,0.91025
"45","b_treatment",-0.702540078975457,0.438939463821658,-1.5740631708513,-0.33653106548036,0.000401999416532364,0.94975
"450","b_treatment",-0.576511317202344,0.403710079799395,-1.37679498442037,-0.230169871663452,0.0772247189849064,0.9275
"451","b_treatment",-0.48679844496897,0.357327431716504,-1.18283405049381,-0.193407721598969,0.100127085525666,0.91275
"452","b_treatment",-0.435499919765841,0.398775025629946,-1.22105712125026,-0.0865624327425254,0.18659834055,0.859
"453","b_treatment",-0.406833296214375,0.341093974490479,-1.08585388593874,-0.12051287675133,0.164261756712088,0.88275
"454","b_treatment",-0.569620306478401,0.433960000750586,-1.43873591188222,-0.208910681342839,0.131496119661534,0.9085
"455","b_treatment",-0.472207954632056,0.374376046589949,-1.21025060053066,-0.152712817747672,0.143017720908455,0.899
"456","b_treatment",-0.434188979500105,0.349470121565595,-1.12926853973678,-0.140125214465831,0.125737863075924,0.893
"457","b_treatment",-0.447863863728575,0.383419688406827,-1.20627253350803,-0.131392475675323,0.195958935162246,0.876
"458","b_treatment",-0.427868188961065,0.333702313844411,-1.08693846450943,-0.143549704796325,0.107930822019902,0.9095
"459","b_treatment",-0.632354098878421,0.361268475035775,-1.34198622002362,-0.332424983405017,-0.039425998109063,0.96075
"46","b_treatment",-0.473058806686216,0.352087127904982,-1.17461377322724,-0.181515202515728,0.116346251638402,0.90875
"460","b_treatment",-0.937352516551467,0.411132149721047,-1.74866332157925,-0.583069813411978,-0.275465602984515,0.99225
"461","b_treatment",-0.46327623838319,0.33467572220642,-1.09675474207907,-0.181546113196754,0.0863155619819135,0.921
"462","b_treatment",-0.657159373484263,0.43788754858972,-1.55001241839322,-0.287544718750257,0.056312084119183,0.936
"463","b_treatment",-0.438495272268057,0.378223226905696,-1.16770031339201,-0.116972390197386,0.18504059255535,0.8755
"464","b_treatment",-0.718745396430403,0.413602018068158,-1.5573614414138,-0.360894368233195,-0.0522114005058479,0.96275
"465","b_treatment",-0.506874497773387,0.367415928925883,-1.23743583664215,-0.193609621202457,0.0902079776443405,0.91975
"466","b_treatment",-0.696737790660585,0.422331195615471,-1.53117223334721,-0.336382436430024,-0.0155899695370502,0.954
"467","b_treatment",-0.790943122580946,0.479714435995413,-1.72760911413864,-0.379848572557333,0.00144426522113751,0.94975
"468","b_treatment",-0.503512708420428,0.386005157189273,-1.29548690626577,-0.184219389117053,0.127971394414339,0.90925
"469","b_treatment",-0.431255843629041,0.379266301477007,-1.16476726399438,-0.112722370179954,0.197163161899213,0.87375
"47","b_treatment",-0.549242701944874,0.363753743646407,-1.26575340459139,-0.248617281316101,0.046228041744696,0.936
"470","b_treatment",-0.527488781627947,0.389423214421724,-1.28562459801801,-0.199602416446736,0.131039851014509,0.91075
"471","b_treatment",-0.621370612253592,0.421060418527065,-1.48399677466446,-0.253895488364022,0.0601827149311737,0.9315
"472","b_treatment",-0.738481816197221,0.411124031781398,-1.57196459084449,-0.397807468560784,-0.0799222690542906,0.967
"473","b_treatment",-0.407461028296589,0.348737298082136,-1.09951496010191,-0.111114822485571,0.166163713024455,0.88525
"474","b_treatment",-0.57930335514647,0.406676034219739,-1.3702862964812,-0.245538569680757,0.0887871465660605,0.9265
"475","b_treatment",-0.618139615559465,0.389605024631487,-1.39056208342434,-0.289847403892791,0.0177229526076588,0.945
"476","b_treatment",-0.420098235034034,0.34727222493103,-1.09473238753465,-0.127620894746026,0.166733354066507,0.8855
"477","b_treatment",-0.591765373684732,0.389485435369684,-1.36149036428473,-0.264127834406434,0.031791433184598,0.9385
"478","b_treatment",-0.524240521499897,0.384510708821451,-1.26746390591992,-0.203766072237375,0.0947619228089724,0.9175
"479","b_treatment",-0.450708712282146,0.342612818290669,-1.1113132776154,-0.164479269532717,0.10414823026115,0.90675
"48","b_treatment",-0.463369023209876,0.360078690009031,-1.18186253865981,-0.159168031420748,0.139210990432361,0.89725
"480","b_treatment",-0.577499586203477,0.380487691993684,-1.34218735990111,-0.253885439149039,0.0338188220299357,0.93975
"481","b_treatment",-0.628148679942284,0.367643949974011,-1.34445239543287,-0.314385056621728,-0.0337783727619082,0.9595
"482","b_treatment",-0.518720519961516,0.392303715816367,-1.28505908258359,-0.189443133743525,0.121777723043975,0.9135
"483","b_treatment",-0.486151943538541,0.379795886929391,-1.26639636805781,-0.171089341315727,0.12905449307074,0.898
"484","b_treatment",-0.43175268708028,0.345920182524651,-1.11195552217719,-0.14267196383891,0.119536761452019,0.9
"485","b_treatment",-0.408821959855163,0.353649125507346,-1.11622396500799,-0.10693309598834,0.157669378174772,0.87925
"486","b_treatment",-0.520825596299063,0.389446779200903,-1.28502940374196,-0.180312492696379,0.103271789796561,0.91025
"487","b_treatment",-0.732014690525803,0.412756798825677,-1.55024909536905,-0.391082788936912,-0.0475334926889634,0.96225
"488","b_treatment",-0.430456486612783,0.366761979502082,-1.12550179585655,-0.121038912291088,0.171380490800008,0.87825
"489","b_treatment",-0.451137908654359,0.365665675022941,-1.16731007258601,-0.142339279413698,0.147345834830513,0.88825
"49","b_treatment",-0.654748899302793,0.397389965731821,-1.44670101069433,-0.322201975695338,-0.00615086031579403,0.9535
"490","b_treatment",-0.472959166066819,0.367953127711861,-1.21336562239566,-0.167299847277986,0.120627389069233,0.901
"491","b_treatment",-0.66914364749543,0.394600546665006,-1.46936216198722,-0.332887490883747,-0.0282149935687999,0.959
"492","b_treatment",-0.4570199544444,0.385857058192373,-1.22939690559326,-0.133052541555923,0.170058396652811,0.87825
"493","b_treatment",-0.38310716484241,0.371192963511632,-1.10191752835218,-0.0677628926958946,0.231976361662923,0.84225
"494","b_treatment",-0.267618937940549,0.363229314507046,-0.987802601021588,0.0346205096172307,0.319237733376899,0.76825
"495","b_treatment",-0.332740744431277,0.358293771185985,-1.03193094187219,-0.0350970704523241,0.256721803815972,0.824
"496","b_treatment",-0.606451635760879,0.386975908247714,-1.38715994111077,-0.272362811075076,0.0260541969294729,0.94375
"497","b_treatment",-0.677085778624466,0.416964573129128,-1.49202115658374,-0.32249893314131,-0.000517580354283079,0.951
"498","b_treatment",-0.607176149303387,0.384777958204986,-1.36652707279988,-0.280973138657788,0.0199565953832729,0.94325
"499","b_treatment",-0.416008514095992,0.357698232182424,-1.10876600202299,-0.116244768998915,0.18309450869285,0.8775
"5","b_treatment",-0.49527594218725,0.363590045775861,-1.20527245318281,-0.1890761576654,0.0942548755259218,0.91625
"50","b_treatment",-0.585162659580189,0.397663254732697,-1.37875496721165,-0.252537265917879,0.0545809065599156,0.935
"500","b_treatment",-0.491743295807689,0.35945301443073,-1.20222703598396,-0.187059597509729,0.0947118876200881,0.9115
"501","b_treatment",-0.553740889599933,0.407088939562307,-1.36131821768834,-0.21109301174971,0.124672842145847,0.9155
"502","b_treatment",-0.347418128836276,0.373750561620969,-1.06453231656135,-0.0315489350468065,0.272123223252128,0.82325
"503","b_treatment",-0.560341087703499,0.375335229696646,-1.26886117792032,-0.240732292167603,0.0646895704793695,0.92625
"504","b_treatment",-0.596576406477924,0.383536930090738,-1.35564546262973,-0.275752213598267,0.0441141524555181,0.9385
"505","b_treatment",-0.393943217090337,0.359970411321112,-1.10680164444793,-0.0907891303439145,0.185720299220983,0.8715
"506","b_treatment",-0.431661990793657,0.35606340916559,-1.126242904431,-0.139583188769562,0.147322331668563,0.889
"507","b_treatment",-0.543730869317032,0.39295350128564,-1.33227811067347,-0.215312061606308,0.0898360940271666,0.92125
"508","b_treatment",-0.567201121706557,0.391679073760528,-1.34305646665795,-0.230472295563213,0.0706747260999712,0.92175
"509","b_treatment",-0.475233782646532,0.369301966754315,-1.18256733612872,-0.17117884935215,0.119334475318428,0.90025
"51","b_treatment",-0.754432285696024,0.435437252111246,-1.63074714979036,-0.378317132258939,-0.0378974376804908,0.9585
"510","b_treatment",-0.428164430152173,0.350871325066682,-1.1231058135732,-0.132176929312792,0.139419316927984,0.88825
"511","b_treatment",-0.769657311984422,0.445789783105614,-1.65833947274162,-0.401035455872689,-0.0275572812002874,0.95575
"512","b_treatment",-0.462516471823503,0.361649173116971,-1.18013498770233,-0.167783387840571,0.140833470901176,0.9025
"513","b_treatment",-0.477788671481322,0.354282468174381,-1.17657066692843,-0.178672134120864,0.0945441610374595,0.914
"514","b_treatment",-0.513322230213527,0.357350010594401,-1.20092964040356,-0.212001935913855,0.0787887891830248,0.919
"515","b_treatment",-0.478151305122171,0.342744513959351,-1.14154520695635,-0.18086909428353,0.0856551092214204,0.91625
"516","b_treatment",-0.486973380225717,0.381995369891788,-1.22277291204542,-0.17038338975165,0.157089576504411,0.8995
"517","b_treatment",-0.660801465237841,0.393067860501858,-1.44950902282404,-0.326637956620919,-0.0151117821272382,0.9525
"518","b_treatment",-0.480320474200022,0.393237159016918,-1.27322025844946,-0.157354717810659,0.172819651491748,0.8925
"519","b_treatment",-0.545215402639148,0.352073985339975,-1.22264166721897,-0.24822195064529,0.0295683249205009,0.94075
"52","b_treatment",-0.360069644819052,0.370887184159455,-1.07694209765885,-0.0536466456479415,0.260132629124928,0.83275
"520","b_treatment",-0.377140707644377,0.351937704339796,-1.06054995663581,-0.0767790061480553,0.200684426434853,0.85325
"521","b_treatment",-0.628038435401712,0.389440321669171,-1.42492944347085,-0.304887837122593,-0.00240532876737145,0.95075
"522","b_treatment",-0.751707070560969,0.385222905550335,-1.54139647181738,-0.428830547426393,-0.12324703492553,0.978
"523","b_treatment",-0.511117605027389,0.374185255508966,-1.26534085082692,-0.20054879618014,0.101791580425333,0.913
"524","b_treatment",-0.672126337758187,0.38152226958028,-1.42992726589065,-0.347119420552302,-0.0560772418761333,0.966
"525","b_treatment",-0.447777395872062,0.347164190948752,-1.12958437313508,-0.155775691955031,0.124422486455286,0.90175
"526","b_treatment",-0.375897847160417,0.354665682724221,-1.08824132371583,-0.0816695579738033,0.201149029734855,0.86075
"527","b_treatment",-0.533199779156909,0.38962056199164,-1.32835428963339,-0.206877615444708,0.0960331402735826,0.91925
"528","b_treatment",-0.667671855126369,0.384616476229014,-1.44036392648872,-0.342161946711608,-0.0490479999111636,0.963
"529","b_treatment",-0.536799853296178,0.381076992297959,-1.30494715206798,-0.212418530774279,0.0717220806196277,0.925
"53","b_treatment",-0.543474323636382,0.351175740801464,-1.24360792531531,-0.244301063828728,0.0400577713083589,0.9365
"530","b_treatment",-0.56672792534505,0.387019058292981,-1.32985493223105,-0.235406427928057,0.0621257549531884,0.93175
"531","b_treatment",-0.525436662102334,0.358354331459906,-1.23747531494967,-0.225241352168708,0.0601966083238256,0.932
"532","b_treatment",-0.346319124501065,0.356063164617844,-1.01507851615007,-0.0403868675964433,0.243738119697115,0.8305
"533","b_treatment",-0.510899874067077,0.356592789771872,-1.22838045812969,-0.211702166628441,0.076260205107921,0.92475
"534","b_treatment",-0.32155197495065,0.368234931271842,-1.07533542452126,-0.0176211785571173,0.298069291390012,0.81
"535","b_treatment",-0.452965647210528,0.383422532470829,-1.19712395625247,-0.124676601831275,0.178799491356066,0.8765
"536","b_treatment",-0.517253922613743,0.375138658211553,-1.24155770761269,-0.193649238975617,0.0881233423922671,0.9165
"537","b_treatment",-0.884544146342449,0.525285451001066,-1.92774742837679,-0.44045442302358,-0.0338201568503668,0.95575
"538","b_treatment",-0.533897177063143,0.39189098045509,-1.3277144770086,-0.198412421341629,0.109450220288374,0.90925
"539","b_treatment",-0.463243318404862,0.382656046966996,-1.21184727288076,-0.133756601075089,0.160310865892805,0.887
"54","b_treatment",-0.513520976417261,0.381144743107335,-1.26877398114838,-0.195151586873657,0.104975570196765,0.9105
"540","b_treatment",-0.428261279660665,0.355306550647013,-1.10326006946251,-0.132859344660185,0.162913151398959,0.88575
"541","b_treatment",-0.478328698854233,0.337534582578646,-1.13101585185303,-0.196069038771987,0.06343703936503,0.92475
"542","b_treatment",-0.522427138911123,0.367142639544266,-1.24969035723957,-0.21800492053161,0.0825040112955847,0.92225
"543","b_treatment",-0.534860114338047,0.370071832409725,-1.27244218821848,-0.224564759031944,0.0638084045145989,0.93
"544","b_treatment",-0.619348539065636,0.43325396101051,-1.50316286137831,-0.26520660265952,0.0787222615137952,0.92825
"545","b_treatment",-0.441728341532774,0.336300470841598,-1.08503717048392,-0.159288163204193,0.115434750951898,0.90175
"546","b_treatment",-0.529398501696907,0.356062607170768,-1.240225394957,-0.225527931153589,0.0599163855172203,0.931
"547","b_treatment",-0.522499183289103,0.367391047071179,-1.24255380134489,-0.207183469692064,0.0878565190302971,0.92025
"548","b_treatment",-0.56324202362006,0.413627605853134,-1.38845491648387,-0.230166809697815,0.11413086599523,0.914
"549","b_treatment",-0.307133762836747,0.379301789944241,-1.04371056989119,0.0141343988024814,0.310380294403874,0.78875
"55","b_treatment",-0.434208480166962,0.392780101678602,-1.2074383470167,-0.11315613424588,0.231243532905493,0.868
"550","b_treatment",-0.411976296538869,0.403584785520293,-1.21141321691762,-0.0650891511671301,0.240301930435517,0.844
"551","b_treatment",-0.370983917699313,0.380617204641506,-1.10402644053547,-0.0529201841200406,0.255998288253778,0.83275
"552","b_treatment",-0.538449229159223,0.371917884592104,-1.28319739446564,-0.224942019219911,0.0580469930169343,0.932
"553","b_treatment",-0.570460618778872,0.404740974644424,-1.37096367739129,-0.229298598553786,0.0875451869275566,0.92125
"554","b_treatment",-0.555570409461077,0.41128007994683,-1.3820713034662,-0.21059352892151,0.11518533752315,0.91025
"555","b_treatment",-0.610417547677523,0.408023380552554,-1.42877608379591,-0.262382384500956,0.0504942839371986,0.93725
"556","b_treatment",-0.465608438246299,0.381476894863907,-1.20521813411481,-0.149762988182239,0.17172849039756,0.89825
"557","b_treatment",-0.634413347790346,0.38272049297586,-1.40513858962468,-0.312409599417941,-0.0149642538277041,0.953
"558","b_treatment",-0.388614943850868,0.376178875964101,-1.13328563898844,-0.0691278350299724,0.212739825593425,0.84925
"559","b_treatment",-0.331752212712558,0.357368996521079,-1.04474495107159,-0.0311388215548472,0.24593243399261,0.82925
"56","b_treatment",-0.406293139851157,0.35338501965663,-1.12902349456298,-0.109385893484113,0.157126395951977,0.8805
"560","b_treatment",-0.448319484144958,0.392821251011493,-1.21220953638465,-0.105073647432596,0.190714429670247,0.869
"561","b_treatment",-0.565691964570473,0.384298735761486,-1.33637880600282,-0.250800634073766,0.0598954620380196,0.93175
"562","b_treatment",-0.457726042071156,0.350213110947742,-1.14910871808423,-0.158998288165752,0.120655511830077,0.90425
"563","b_treatment",-0.665985773566268,0.38655810059612,-1.43636479921799,-0.341672876094584,-0.0383889937138586,0.959
"564","b_treatment",-0.485006450470779,0.36703539930336,-1.20530994298049,-0.178394306909153,0.115013278130337,0.90675
"565","b_treatment",-0.390833078335783,0.349079973093528,-1.08827557357016,-0.0989281121140949,0.179103963048144,0.8685
"566","b_treatment",-0.41856061137669,0.355094747326682,-1.11192103210866,-0.131942417312173,0.169851000925746,0.88175
"567","b_treatment",-0.515795784076244,0.348373484104304,-1.21242047312509,-0.21486448399868,0.0516867729643,0.9305
"568","b_treatment",-0.575248602376677,0.403672030552698,-1.37224700515987,-0.230467670535043,0.0820794478174947,0.9225
"569","b_treatment",-0.587663575922441,0.398169981867963,-1.39167044280971,-0.249706827468343,0.0675032774954281,0.9325
"57","b_treatment",-0.426745641599009,0.341926495756566,-1.10684921023994,-0.13963755547578,0.124161578185234,0.89875
"570","b_treatment",-0.37082982653682,0.372351763093239,-1.10233714022372,-0.0676413554517529,0.238740198090026,0.84875
"571","b_treatment",-0.723496992465136,0.449603822617456,-1.63050251874736,-0.345156998350957,0.00691129519856068,0.948
"572","b_treatment",-0.452800106162505,0.356384300241975,-1.15130207299804,-0.150727066623698,0.131528119152174,0.89425
"573","b_treatment",-0.364745836026371,0.402581055637248,-1.17859693242756,-0.0241465589080315,0.309765049384141,0.817
"574","b_treatment",-0.562946843660334,0.385723896416197,-1.32083975356781,-0.228361385969183,0.0614690109316342,0.93
"575","b_treatment",-0.405078731992586,0.373821671731878,-1.14737454039694,-0.0957001486438996,0.202138517550015,0.8605
"576","b_treatment",-0.837287326072247,0.441143159012578,-1.71878216693175,-0.473891543845707,-0.123422157321627,0.971
"577","b_treatment",-0.593510676961728,0.418552211341565,-1.42125563969326,-0.246808942239806,0.0976472925735452,0.92025
"578","b_treatment",-0.452620607932687,0.344385446076703,-1.11867393681465,-0.161480341986159,0.113930425259046,0.90275
"579","b_treatment",-0.452701758360974,0.347061474938941,-1.15045647938997,-0.163646432677354,0.126637336468493,0.9
"58","b_treatment",-0.424244453680196,0.344899682567957,-1.12094728909548,-0.13479569515902,0.124494542110146,0.89675
"580","b_treatment",-0.37221688961418,0.358754496981509,-1.09168373469605,-0.0788874035274212,0.231612286555501,0.8505
"581","b_treatment",-0.366651225012664,0.356096842441609,-1.08671060580078,-0.0649906744993694,0.216554026504449,0.848
"582","b_treatment",-0.432215353504404,0.403101899341506,-1.2234394454295,-0.0925692923720147,0.22510920255272,0.859
"583","b_treatment",-0.585707904663496,0.399040100384394,-1.38573646913272,-0.245348869667587,0.0600289084249279,0.93025
"584","b_treatment",-0.672432795933798,0.431551172640418,-1.51959957420549,-0.310642664634979,0.0338643674541287,0.9405
"585","b_treatment",-0.535557749833484,0.398343540661654,-1.32529632890541,-0.20375673407289,0.12313452350258,0.91125
"586","b_treatment",-0.544448289555102,0.383552932136851,-1.29677306516075,-0.213681620564618,0.0709683370266578,0.928
"587","b_treatment",-0.49173010963673,0.340465412544151,-1.17420745540122,-0.204821716400524,0.0544758811281399,0.9275
"588","b_treatment",-0.491206255763828,0.372699454991584,-1.24775584716959,-0.182402376138224,0.110278689362547,0.9095
"589","b_treatment",-0.491948615893949,0.356073433253598,-1.21187099180263,-0.18958477478367,0.0863608694734367,0.92425
"59","b_treatment",-0.604639999812716,0.445679353936179,-1.49361236621358,-0.230475676446578,0.124909946434289,0.9135
"590","b_treatment",-0.539118478747115,0.40134855344616,-1.36284717697338,-0.215989202024573,0.101376501225366,0.91125
"591","b_treatment",-0.586463678885607,0.406987405308501,-1.36041361242278,-0.23455727157582,0.0868501253308899,0.925
"592","b_treatment",-0.531797161876143,0.401748878050723,-1.32750265914889,-0.193634702511727,0.106710218503169,0.90575
"593","b_treatment",-0.645717640712635,0.415336062929032,-1.48244526253558,-0.299227436882591,0.0381742280815419,0.94075
"594","b_treatment",-0.442721977038739,0.351770697441523,-1.13186682123603,-0.141639685836617,0.122222378040937,0.8995
"595","b_treatment",-0.393615027303632,0.34167994658027,-1.06034975110039,-0.100136008916266,0.15977003110217,0.8745
"596","b_treatment",-0.481303574278315,0.379447736668935,-1.22068775975444,-0.15641399845229,0.157860619562071,0.89425
"597","b_treatment",-0.318091217872601,0.400428262161349,-1.14919179439009,0.0190396801855045,0.324524376073688,0.79025
"598","b_treatment",-0.520897618693907,0.392966704163948,-1.31723547205833,-0.193285118338872,0.124466833197104,0.91325
"599","b_treatment",-0.433174733405741,0.388242259761641,-1.21664698558759,-0.101511343654743,0.196708024165365,0.8665
"6","b_treatment",-0.541102003335401,0.410761841833299,-1.34929385582906,-0.204551611455948,0.119724017575043,0.91175
"60","b_treatment",-0.575739845422181,0.362346615376479,-1.29872212971223,-0.273443081580585,0.0214759855032442,0.945
"600","b_treatment",-0.415895088639935,0.343657850000388,-1.09235640459624,-0.119347844636134,0.139307368733824,0.88225
"601","b_treatment",-0.434967934184756,0.362460845340734,-1.12943343589993,-0.139004753487941,0.172184356555197,0.88225
"602","b_treatment",-0.635413859560139,0.38673900545465,-1.37949424592929,-0.309772313181482,-0.00545087438982389,0.95325
"603","b_treatment",-0.581132015648452,0.38162714288751,-1.33754972646411,-0.259239329706204,0.0366208650274388,0.9385
"604","b_treatment",-0.589186273207099,0.419417668073844,-1.40338923899199,-0.230156792963762,0.0676414351875319,0.928
"605","b_treatment",-0.521565817656521,0.365801185761728,-1.24110945485672,-0.214662212797993,0.0879689802392053,0.9165
"606","b_treatment",-0.511273115363512,0.382103809030996,-1.25064226830157,-0.193124330052455,0.0943357655998651,0.90925
"607","b_treatment",-0.444759939421929,0.377722813348897,-1.21089044711526,-0.125455087904946,0.166034112283208,0.88525
"608","b_treatment",-0.606521998126872,0.38094460999859,-1.35763077263431,-0.281119699141091,0.0141937378641662,0.94575
"609","b_treatment",-0.513272959284734,0.379707585814995,-1.29483977352229,-0.195865574543734,0.103732981584786,0.91475
"61","b_treatment",-0.553557050420211,0.39244196944922,-1.30148185256141,-0.217375922476364,0.0995768605889625,0.91825
"610","b_treatment",-0.450979450522184,0.36748149281358,-1.19340722138239,-0.134509160841994,0.140869358169676,0.8875
"611","b_treatment",-0.677040497245907,0.407795171196241,-1.49478496200402,-0.332356413049773,-0.00380607809095782,0.95125
"612","b_treatment",-0.466172025701719,0.370926101753802,-1.18311289681054,-0.1503696425371,0.130950649488854,0.89425
"613","b_treatment",-0.510390478372096,0.406605098609086,-1.30044149173494,-0.175974874589833,0.169164470424369,0.8915
"614","b_treatment",-0.515086251966386,0.370769142100613,-1.24998009992834,-0.200381939214616,0.0796681663095376,0.91825
"615","b_treatment",-0.531969150890789,0.372684257355798,-1.28289940006685,-0.224936402281303,0.07330020745181,0.92425
"616","b_treatment",-0.349540621274963,0.392854999642421,-1.13604574472805,-0.0209988366914957,0.297365596484231,0.8125
"617","b_treatment",-0.325332451320766,0.347435986828023,-1.00381799623071,-0.0298265943869112,0.228623888122099,0.82375
"618","b_treatment",-0.424554082147893,0.340989858861608,-1.0974300320951,-0.140136359836543,0.141929869657731,0.89675
"619","b_treatment",-0.496109479282361,0.374583506427049,-1.22477672355501,-0.185263576619471,0.13078086282163,0.9005
"62","b_treatment",-0.486771419686833,0.364583635625006,-1.20679527473771,-0.183587577329277,0.112464446549253,0.908
"620","b_treatment",-0.628338803368821,0.421403430398114,-1.46899724079018,-0.284610756723895,0.0621534553579823,0.93425
"621","b_treatment",-0.420730817819903,0.35247148340856,-1.1160230277661,-0.123931533038489,0.16422352882207,0.88675
"622","b_treatment",-0.606012193610919,0.378204671793069,-1.34596560641756,-0.286514877624403,0.0214225577564749,0.94475
"623","b_treatment",-0.793249418109864,0.436454964149428,-1.67146508179932,-0.420411392698067,-0.0948434889614254,0.9685
"624","b_treatment",-0.443334410617887,0.359224602536327,-1.14641384247928,-0.14054159951669,0.142331770994145,0.89625
"625","b_treatment",-0.591683349083949,0.388764350141653,-1.35172600653928,-0.260002626099322,0.048516436244961,0.9315
"626","b_treatment",-0.536000876543179,0.356256240656295,-1.22753145576202,-0.2382136917262,0.0517078411734394,0.9325
"627","b_treatment",-0.567006592165851,0.432333593702716,-1.45850655750384,-0.202982729879984,0.136221382735651,0.90675
"628","b_treatment",-0.499265493279554,0.378307180468129,-1.22597085678764,-0.182435358022857,0.104111140192394,0.908
"629","b_treatment",-0.593195173880153,0.409566459898146,-1.39401356629841,-0.250573965587895,0.0848192474244153,0.926
"63","b_treatment",-0.731942394287228,0.404889772742513,-1.55216443427689,-0.396197821196259,-0.0871799167858445,0.966
"630","b_treatment",-0.596601034987673,0.384906348421217,-1.35709895408609,-0.266801362835054,0.0339438652327096,0.93875
"631","b_treatment",-0.499309461416275,0.341524361407864,-1.16941727083691,-0.204630582557709,0.0525697158201379,0.9305
"632","b_treatment",-0.486603741459413,0.339006562205798,-1.15886174146687,-0.197457265257491,0.0782590560709391,0.929
"633","b_treatment",-0.576384902448987,0.407814902709317,-1.38819175934338,-0.2359529266887,0.0870994754453829,0.92025
"634","b_treatment",-0.643722058126307,0.408414617372202,-1.50069946512265,-0.296365830137047,0.0079256322493583,0.94725
"635","b_treatment",-0.504452040564688,0.387570632812761,-1.26672159530883,-0.187304448487896,0.136936222269864,0.90425
"636","b_treatment",-0.383077517088975,0.353834688379394,-1.07005643429182,-0.083946725926505,0.184447666639048,0.86325
"637","b_treatment",-0.642673778338465,0.405661327776472,-1.44483756707574,-0.29465433650226,0.0108262178981008,0.94525
"638","b_treatment",-0.711608237456576,0.421385024588393,-1.56303903433114,-0.35730400820011,-0.0322038363363354,0.95675
"639","b_treatment",-0.678276047691376,0.421884473773208,-1.52004943203451,-0.32396061206249,0.0128874316303382,0.9465
"64","b_treatment",-0.378413652234953,0.410300992767541,-1.19077639566488,-0.029366244361303,0.300014266820681,0.82125
"640","b_treatment",-0.470585223259376,0.375531166113931,-1.22640273885216,-0.160644593025116,0.144510341744059,0.89475
"641","b_treatment",-0.407276846009225,0.344882272999126,-1.09291858930267,-0.121061126073344,0.153096486173872,0.884
"642","b_treatment",-0.519211400814594,0.417651128602407,-1.36077589531848,-0.162158362557794,0.164531108817457,0.89625
"643","b_treatment",-0.467869127087075,0.358936049537794,-1.17019323265139,-0.167864777961894,0.133554979169951,0.90175
"644","b_treatment",-0.664825841286222,0.388765418293921,-1.46466013989441,-0.340624359461531,-0.0373535438253638,0.95875
"645","b_treatment",-0.480984763864667,0.365131254428788,-1.19448056192617,-0.17590858530688,0.126870141545759,0.90725
"646","b_treatment",-0.522035132049086,0.3787051978247,-1.28347431290263,-0.202667521550946,0.0862654170539792,0.91625
"647","b_treatment",-0.538298548529876,0.382267177263656,-1.29212199532853,-0.214807059199859,0.0790346823754279,0.92275
"648","b_treatment",-0.496804166537129,0.346407327222995,-1.17286138658438,-0.20976664196656,0.0719311573319918,0.92425
"649","b_treatment",-0.551238767433399,0.376617960781593,-1.29851329949153,-0.221688063303486,0.0540769985901846,0.93425
"65","b_treatment",-0.619304225133911,0.373893484040412,-1.37143301199249,-0.31571491528398,0.00217320654325243,0.9495
"650","b_treatment",-0.678012157576142,0.387391783747872,-1.46017492561079,-0.346582289049853,-0.061251881218645,0.96425
"651","b_treatment",-0.680761338750025,0.37821108078993,-1.43108933046186,-0.354371599897963,-0.0714924024831247,0.96725
"652","b_treatment",-0.450020798012371,0.344901619263666,-1.14746905243917,-0.157875007134577,0.112847396230926,0.90925
"653","b_treatment",-0.535254194376883,0.373112441850996,-1.26989301112161,-0.224317235993563,0.0690803251362874,0.92325
"654","b_treatment",-0.496706482462251,0.39284801481071,-1.27905646642655,-0.163097381011557,0.143664457689158,0.90325
"655","b_treatment",-0.485603787930857,0.376194431872278,-1.24436288280807,-0.17201467189615,0.150642715869427,0.902
"656","b_treatment",-0.509300134587143,0.339231111613691,-1.16163552494257,-0.223393608930421,0.0409887291956848,0.9365
"657","b_treatment",-0.593575761358818,0.388315659654888,-1.35820391176032,-0.256782937384028,0.0201470929668501,0.94575
"658","b_treatment",-0.505354566990894,0.380601681202628,-1.26925824988683,-0.192231135438758,0.117086944252122,0.91275
"659","b_treatment",-0.548258935168419,0.370761838681265,-1.27513236957037,-0.241808844657233,0.05477088849367,0.934
"66","b_treatment",-0.60307606144523,0.395345080257555,-1.39340737958195,-0.274338923426957,0.0508939574136477,0.93475
"660","b_treatment",-0.418061868684911,0.34987238931271,-1.13471264805223,-0.124448579648642,0.147085403154054,0.889
"661","b_treatment",-0.507278396080904,0.337188248576266,-1.18140125916935,-0.227118849445213,0.0427428949523289,0.93575
"662","b_treatment",-0.549065611608701,0.372827814083762,-1.29239189956518,-0.234614572799465,0.0509837822139227,0.9325
"663","b_treatment",-0.553281841266006,0.360602627702642,-1.26607214404738,-0.254738590284308,0.0317915348643018,0.9405
"664","b_treatment",-0.551197537164007,0.384022871808711,-1.30180047009266,-0.227928896600914,0.0862238523418462,0.9195
"665","b_treatment",-0.483848608948692,0.332030041723228,-1.14259470945039,-0.19663009474932,0.056784873610808,0.9255
"666","b_treatment",-0.5311145316297,0.377595667638242,-1.28711238318857,-0.21530540994649,0.0858258865283888,0.92125
"667","b_treatment",-0.40564339693344,0.357886030392679,-1.1138261892431,-0.0930067091107033,0.159215708493607,0.86825
"668","b_treatment",-0.499812055360739,0.37464625380353,-1.26909046181539,-0.18435597923068,0.0884707274930521,0.91125
"669","b_treatment",-0.487028329343674,0.384280331180971,-1.23884305344437,-0.161364765370507,0.136102211558613,0.89875
"67","b_treatment",-0.450020986420244,0.370683680249408,-1.17297272290211,-0.133617226131162,0.159115587886641,0.8895
"670","b_treatment",-0.535460968342233,0.395645966900461,-1.31300675871399,-0.209137169783022,0.106568644469033,0.91225
"671","b_treatment",-0.465829512598956,0.368623305846266,-1.20666944550917,-0.157543800125821,0.125983264922497,0.899
"672","b_treatment",-0.664857172833003,0.374535762718759,-1.39227402556697,-0.349991397357656,-0.0338137212037113,0.96175
"673","b_treatment",-0.629832778409383,0.376143449143022,-1.40585011811948,-0.321509459778219,-0.00145913100787465,0.95025
"674","b_treatment",-0.476190738214917,0.369885459265466,-1.2362289342659,-0.158230018124483,0.10553031063019,0.90425
"675","b_treatment",-0.582444502344562,0.357945314652507,-1.29154708290094,-0.291334397331013,0.0115617105969843,0.9465
"676","b_treatment",-0.52673306075494,0.354491735982096,-1.22424065718353,-0.235537892967289,0.0554862764542527,0.9345
"677","b_treatment",-0.666547443341498,0.413842607994096,-1.50552267379698,-0.324194375539931,0.0159254290779602,0.9475
"678","b_treatment",-0.647420682139916,0.355417362703389,-1.34575868173694,-0.351768087596138,-0.0662490783030664,0.9635
"679","b_treatment",-0.413180991382733,0.345945569065822,-1.09082786140032,-0.126937591157806,0.152008537971981,0.8845
"68","b_treatment",-0.538924874726965,0.351920186595648,-1.21754704210922,-0.244481918415334,0.0283027783148089,0.942
"680","b_treatment",-0.406020907690333,0.355223031129057,-1.09578059663125,-0.108024877483961,0.183991586070471,0.87375
"681","b_treatment",-0.543670409609167,0.385408500873571,-1.29594357108444,-0.213705838442865,0.0787678089403147,0.92275
"682","b_treatment",-0.749447037841389,0.341758222101427,-1.42207114733808,-0.471410095012505,-0.185904054184201,0.985
"683","b_treatment",-0.482414744524711,0.34756801189265,-1.16546766851923,-0.186530905374566,0.0969019897097353,0.914
"684","b_treatment",-0.403884735949051,0.338453292547493,-1.05742217490535,-0.116388503625422,0.13913557379627,0.88125
"685","b_treatment",-0.463355718429141,0.360316326955151,-1.18848071838255,-0.162740871985328,0.137942028032559,0.904
"686","b_treatment",-0.497434678363492,0.362184107679227,-1.20819517809391,-0.19182578079067,0.0994432632442684,0.91425
"687","b_treatment",-0.431503365910287,0.356688266915744,-1.14132689004296,-0.130027770842706,0.166406324323917,0.8855
"688","b_treatment",-0.717567213616355,0.442606707816178,-1.59795426949251,-0.348199326606857,0.00693830739515253,0.949
"689","b_treatment",-0.352745911971076,0.357128945964946,-1.04479014927215,-0.0558573515711189,0.234599602831816,0.83925
"69","b_treatment",-0.475227982021783,0.353229681490395,-1.18260709551981,-0.172428549457763,0.103547226465884,0.90975
"690","b_treatment",-0.576915215436727,0.368399930538708,-1.30959419368725,-0.271915122616102,0.0206560972064574,0.94175
"691","b_treatment",-0.550028163922323,0.385249589188311,-1.32504085613865,-0.234133602847666,0.0710019066376752,0.923
"692","b_treatment",-0.45205572982008,0.341948462558095,-1.11728982866226,-0.163567292295193,0.104886799212371,0.908
"693","b_treatment",-0.478362966468292,0.38614121148474,-1.24967237956317,-0.154130187249046,0.141701135132287,0.89125
"694","b_treatment",-0.745694809767268,0.373633222000322,-1.48286405477109,-0.431104646802866,-0.134263881575077,0.97975
"695","b_treatment",-0.619394918916786,0.394970761520394,-1.41730446187482,-0.278010913441485,0.0307666198100982,0.93925
"696","b_treatment",-0.62831217233272,0.405035879193946,-1.44928346843278,-0.291786377233722,0.0237115928469338,0.94175
"697","b_treatment",-0.477311882604276,0.384757416547264,-1.22962771160103,-0.148524495586322,0.150918967008339,0.891
"698","b_treatment",-0.535835950731009,0.406424776652521,-1.33920962362983,-0.189825329777834,0.117107947375322,0.908
"699","b_treatment",-0.440763657088267,0.362283564251476,-1.15770276287387,-0.131758603645072,0.14734463223903,0.889
"7","b_treatment",-0.62132950026676,0.421159548736945,-1.4773650234191,-0.267694573993802,0.0676388011752056,0.9335
"70","b_treatment",-0.42093577367613,0.387949263799632,-1.18494149708957,-0.0920812418142412,0.21915769683717,0.85675
"700","b_treatment",-0.643406015501524,0.373673454060641,-1.36385468207392,-0.335771131681807,-0.0260445580109393,0.95575
"701","b_treatment",-0.618748240778419,0.3789061636752,-1.35101874970252,-0.303235315660888,0.0089667401893146,0.94925
"702","b_treatment",-0.562529334941286,0.389671247731701,-1.3476387770827,-0.233722067346793,0.0701445304782509,0.92825
"703","b_treatment",-0.643546008104036,0.421424448736836,-1.46819012777189,-0.290675856510119,0.0469503830259464,0.9375
"704","b_treatment",-0.620657564425991,0.385575418122737,-1.39253858347362,-0.293733166334358,0.0151718230270372,0.946
"705","b_treatment",-0.535869394421168,0.360985645548962,-1.23450755183326,-0.225144759033913,0.0490670775118082,0.93525
"706","b_treatment",-0.448956709390946,0.357951112893439,-1.16930114984713,-0.15698121977956,0.14755629888582,0.9005
"707","b_treatment",-0.414440996280902,0.342984082541874,-1.08428896889239,-0.122554280485848,0.148956206290505,0.8845
"708","b_treatment",-0.428357900407827,0.36331745098474,-1.14854387898119,-0.127424346622873,0.156623272522835,0.8845
"709","b_treatment",-0.414183455249049,0.323598177054041,-1.03272211963859,-0.143512500583692,0.122613802871255,0.899
"71","b_treatment",-0.47143587712806,0.382410418917346,-1.23617298421479,-0.152018721708392,0.166258109544505,0.89425
"710","b_treatment",-0.596934178283884,0.421436472195759,-1.41630660366509,-0.238154072735383,0.0846827434090392,0.9245
"711","b_treatment",-0.467732972401866,0.33580235999333,-1.11550872363729,-0.185976323135296,0.0961506257447388,0.9135
"712","b_treatment",-0.844907334142803,0.482608415628245,-1.7798880872661,-0.435295115873593,-0.0444960577395271,0.9585
"713","b_treatment",-0.515416407691996,0.359319814892179,-1.22704007706868,-0.214205495898111,0.0675135426826242,0.9275
"714","b_treatment",-0.521534248548108,0.362343324769344,-1.22959692931111,-0.223726882416663,0.0675592851894299,0.92475
"715","b_treatment",-0.418435170894257,0.363992338649126,-1.14113471866796,-0.110394570823092,0.177160450655391,0.8735
"716","b_treatment",-0.456305866060763,0.389981613410753,-1.23644485963311,-0.131669300789863,0.174885962224889,0.88175
"717","b_treatment",-0.572468576840675,0.42140982326176,-1.40350821473748,-0.223235873818675,0.119705281987666,0.911
"718","b_treatment",-0.536790559518579,0.398201448618203,-1.35050093057619,-0.209279907994986,0.127004099601857,0.91575
"719","b_treatment",-0.485119866735809,0.371002004709153,-1.22443414867099,-0.17175846792436,0.124916042610639,0.90725
"72","b_treatment",-0.443976123685683,0.39646620883831,-1.22036637671796,-0.106628405533493,0.197487734953618,0.8695
"720","b_treatment",-0.658334756531393,0.407744248889857,-1.45826589577885,-0.311173159092733,0.00808657145166695,0.94725
"721","b_treatment",-0.563698744870923,0.435023413900932,-1.42880651967491,-0.195071469731407,0.153585533076906,0.901
"722","b_treatment",-0.509773014618588,0.407898615370056,-1.31501708723063,-0.168153816127798,0.141494209931018,0.896
"723","b_treatment",-0.424537185687309,0.346972391299173,-1.10295594378234,-0.128069471063541,0.148350609442183,0.888
"724","b_treatment",-0.506897427661563,0.363508959808913,-1.22731122814636,-0.204439685846793,0.100444621659717,0.9195
"725","b_treatment",-0.487146273658708,0.381887215046491,-1.22582681013533,-0.167949077275095,0.134645308455184,0.8955
"726","b_treatment",-0.452486728401749,0.372414206400259,-1.20771957785011,-0.139777165468317,0.170600266861545,0.8855
"727","b_treatment",-0.49376259866733,0.389811910858153,-1.26093471901557,-0.160570160789964,0.143476599416724,0.899
"728","b_treatment",-0.506120710403274,0.364034723313302,-1.25224384249063,-0.202032230975202,0.0790120407562364,0.9235
"729","b_treatment",-0.487958451711626,0.365082419182182,-1.20282944939075,-0.185531580740085,0.110709300353906,0.91225
"73","b_treatment",-0.461251570020739,0.384001112003095,-1.22187278450033,-0.140300341904797,0.170141073880606,0.88575
"730","b_treatment",-0.64139544404153,0.372923221787946,-1.37354998361662,-0.331944226301442,-0.0378586409438467,0.96075
"731","b_treatment",-0.484403459465409,0.396696156934144,-1.29106155302112,-0.15398925481269,0.152765293889451,0.89325
"732","b_treatment",-0.510371568888426,0.375312485626893,-1.2488238715519,-0.199485964161283,0.104584318279151,0.9115
"733","b_treatment",-0.594285852819224,0.409974544858174,-1.41270378457479,-0.244753906824106,0.0783504295282672,0.921
"734","b_treatment",-0.629885874942575,0.419965335383206,-1.47681596117003,-0.271868740384262,0.038411792810487,0.93725
"735","b_treatment",-0.622663772283224,0.366943230407319,-1.33681655224394,-0.323336476084302,-0.0172874375972877,0.954
"736","b_treatment",-0.538360695768484,0.34992871115995,-1.23618971971339,-0.247442738909508,0.051631223586811,0.934
"737","b_treatment",-0.375131212819302,0.336454092141464,-1.04640733920645,-0.0869484556441836,0.180072525797929,0.86375
"738","b_treatment",-0.369177019265301,0.396963129714449,-1.15297773240106,-0.0338560873185824,0.283527879239796,0.82225
"739","b_treatment",-0.514957002547242,0.385047665187589,-1.27256402016604,-0.194673821146377,0.113176858504193,0.913
"74","b_treatment",-0.522316448010303,0.397275217432409,-1.31705901261958,-0.183513873244874,0.130911506299056,0.90525
"740","b_treatment",-0.73329661848674,0.482853472787928,-1.70670406343311,-0.32469605951622,0.0456900163589401,0.94025
"741","b_treatment",-0.746853054072279,0.397620519202746,-1.56056902545833,-0.414141497732694,-0.0981319504729624,0.974
"742","b_treatment",-0.425096280539546,0.352296349622039,-1.12295914347744,-0.131179498523985,0.136820507578686,0.89375
"743","b_treatment",-0.577238287615138,0.421705454192051,-1.40724449645419,-0.222406591014375,0.114283752946272,0.91275
"744","b_treatment",-0.672919959121323,0.405156842858166,-1.4719399976962,-0.333507910577043,-0.00744715793851492,0.9515
"745","b_treatment",-0.505757643735946,0.374512017522844,-1.24454051621544,-0.18886126885913,0.0894556852304921,0.9145
"746","b_treatment",-0.47745503992706,0.397130458419311,-1.25996856082925,-0.136888688943292,0.177560209288204,0.885
"747","b_treatment",-0.368441939677044,0.377273483702086,-1.1203463944147,-0.0508118018995422,0.250920657876005,0.835
"748","b_treatment",-0.6667074665251,0.41905386228885,-1.48309586924856,-0.325541060542877,0.0359999547673739,0.942
"749","b_treatment",-0.536464003486451,0.404508684186971,-1.32439553205297,-0.19956217462343,0.128613286380475,0.9075
"75","b_treatment",-0.46982907258897,0.359141922004589,-1.18586083636884,-0.165707956263336,0.118399806967629,0.90375
"750","b_treatment",-0.692281645363982,0.436740737639242,-1.56345720595011,-0.316497830815952,0.0111094801323668,0.94675
"751","b_treatment",-0.442660453313905,0.390250999748927,-1.22991333861024,-0.118911674340595,0.193920478715298,0.86975
"752","b_treatment",-0.52695285259783,0.356702128975975,-1.25359620330846,-0.224029666181267,0.0452043942549812,0.93275
"753","b_treatment",-0.543371392601984,0.414738781820884,-1.33440937331344,-0.204796614080057,0.163583091292849,0.8995
"754","b_treatment",-0.472732909104239,0.367798894262524,-1.2023305173097,-0.16243136104003,0.1212620670927,0.89925
"755","b_treatment",-0.427189735003229,0.353913463265477,-1.12539548169156,-0.133446673242837,0.149850354075614,0.88425
"756","b_treatment",-0.362247475385746,0.367371531798815,-1.09329455241719,-0.0555602838111238,0.239594431235564,0.8405
"757","b_treatment",-0.348661416428178,0.351947028487468,-1.05023507029881,-0.0491208561741751,0.223434714336887,0.83625
"758","b_treatment",-0.539488396675661,0.397674846220445,-1.32463645544585,-0.20176155146171,0.106991618624188,0.916
"759","b_treatment",-0.410662760417368,0.351206945063056,-1.09050293294523,-0.106821663429803,0.165562994917031,0.8785
"76","b_treatment",-0.40125971223388,0.35866208028244,-1.12657533652233,-0.106090277476587,0.183244052644237,0.869
"760","b_treatment",-0.655928210964825,0.379495632354979,-1.42901186150725,-0.337983887465338,-0.0404987622111211,0.9595
"761","b_treatment",-0.497511932008859,0.384273998114017,-1.251025418298,-0.17379679537956,0.136515531520172,0.89675
"762","b_treatment",-0.413469488250243,0.35264795515614,-1.10435002321711,-0.112893315078775,0.161659784746706,0.88375
"763","b_treatment",-0.336095364530821,0.364813133652974,-1.05940458801136,-0.0368028825245534,0.273901012162423,0.82675
"764","b_treatment",-0.465486728129472,0.382209957781676,-1.225024661929,-0.144796256566197,0.156447897435025,0.88825
"765","b_treatment",-0.485212785503302,0.393614430294569,-1.28312151231124,-0.155966697707691,0.155450122044652,0.891
"766","b_treatment",-0.430165562423905,0.355725789448402,-1.12531414802878,-0.127292696501735,0.152393748858459,0.88525
"767","b_treatment",-0.55696228660996,0.412299129432306,-1.41479219141871,-0.214528185148796,0.0903715697920359,0.9195
"768","b_treatment",-0.573566975324808,0.376731104772525,-1.33407801893105,-0.265375160910988,0.0383999661443084,0.9375
"769","b_treatment",-0.554946096599275,0.38082413007116,-1.31445569359748,-0.241292512880169,0.0699760798409534,0.93125
"77","b_treatment",-0.474929943182075,0.350241238573313,-1.17583189932632,-0.182742291851728,0.0932697043951323,0.91875
"770","b_treatment",-0.596658328759318,0.363524614816674,-1.32496439593395,-0.29028143819569,-0.0012523532971881,0.9505
"771","b_treatment",-0.626057175890421,0.412190282239094,-1.44841835595293,-0.279076387159005,0.0534986657727925,0.9355
"772","b_treatment",-0.580342934046145,0.388274892620805,-1.34984246822008,-0.254447594331522,0.0540793599294461,0.93675
"773","b_treatment",-0.4614685488649,0.376686316421303,-1.18968659735881,-0.14478510332234,0.162926491353938,0.89075
"774","b_treatment",-0.477995258950616,0.345748611519916,-1.15215095515481,-0.185569467561102,0.098638662369451,0.915
"775","b_treatment",-0.562254158484798,0.395316531719108,-1.36034164555705,-0.22253199191633,0.076782219832537,0.926
"776","b_treatment",-0.437109310627227,0.372709226720792,-1.17948906997626,-0.122565826874492,0.16917896537142,0.8855
"777","b_treatment",-0.586948627636175,0.376444139238816,-1.34054527348898,-0.274693675779957,0.0163719728361129,0.945
"778","b_treatment",-0.644313506463127,0.425880169739238,-1.47281301334581,-0.285372059956969,0.0478340857423252,0.935
"779","b_treatment",-0.556090320806425,0.390285907635187,-1.31592068937237,-0.225553646841248,0.0972181638514124,0.9205
"78","b_treatment",-0.489287277602024,0.367776485965429,-1.2225283647968,-0.18284964754253,0.12651839478531,0.90925
"780","b_treatment",-0.795720094208348,0.431253737195038,-1.65915894758831,-0.427742831714654,-0.107794670265566,0.96925
"781","b_treatment",-0.542858516689895,0.373277560981171,-1.26779451556318,-0.234397997991938,0.0719316169119572,0.9295
"782","b_treatment",-0.477627899961558,0.371681909415139,-1.2146213987358,-0.161168575448201,0.13204565146877,0.901
"783","b_treatment",-0.469725225182984,0.366368641048894,-1.19537962302481,-0.158614194213439,0.126868825225361,0.89925
"784","b_treatment",-0.440689729431805,0.348291836413362,-1.12482242088068,-0.139409137665296,0.123120929772979,0.90075
"785","b_treatment",-0.564042024450162,0.368734199341917,-1.28602351194985,-0.253903611438261,0.0344567545092691,0.93625
"786","b_treatment",-0.596859239918906,0.417833576578273,-1.41735344536182,-0.240500157727921,0.0891550679076523,0.9205
"787","b_treatment",-0.625241100089775,0.366185188011229,-1.33103172042223,-0.304453197101088,-0.0287123159568314,0.95725
"788","b_treatment",-0.634416620641644,0.371021854316986,-1.37605814585855,-0.329375555750484,-0.0225013221179821,0.95625
"789","b_treatment",-0.414025392913352,0.353884933224811,-1.12649478375187,-0.114841986145414,0.144038578640513,0.8835
"79","b_treatment",-0.732102842727093,0.444978681517717,-1.64770489622565,-0.357245789621106,-0.0127401626520046,0.9525
"790","b_treatment",-0.342241237383263,0.337759217589382,-1.00464466570375,-0.0545953211224448,0.208813692372999,0.847
"791","b_treatment",-0.651438526056599,0.379136023458174,-1.38992896244978,-0.326807630379069,-0.0339632413715006,0.95725
"792","b_treatment",-0.666451049915335,0.423885673957002,-1.53786595420941,-0.314132686577157,0.0168477287604538,0.9465
"793","b_treatment",-0.419590564034192,0.3514771630297,-1.09786748899181,-0.132067977692672,0.161859555667028,0.88425
"794","b_treatment",-0.542219316254554,0.377533130076061,-1.27234941916469,-0.236116135433918,0.0733328133460159,0.927
"795","b_treatment",-0.270155764662822,0.34767037375786,-0.964478057237494,0.0288613520733168,0.29485795251168,0.7785
"796","b_treatment",-0.837256367891589,0.457103827680036,-1.75072104899756,-0.457892874712675,-0.108333986735545,0.97
"797","b_treatment",-0.489909964544503,0.368826900338645,-1.22569264430457,-0.176018707736521,0.112888544963526,0.90775
"798","b_treatment",-0.640117117038623,0.373911499654237,-1.38811966100958,-0.322467635501421,-0.0433149337576099,0.96225
"799","b_treatment",-0.428493777640632,0.3646651777268,-1.14578623910144,-0.12724539984117,0.169915191260861,0.88325
"8","b_treatment",-0.386982298761329,0.3477434643604,-1.06466568585572,-0.0981128189951364,0.176282420653569,0.86975
"80","b_treatment",-0.609684507156129,0.349087404038436,-1.28750585027776,-0.317608352646218,-0.0281276379485449,0.95825
"800","b_treatment",-0.493368587527087,0.358455484502555,-1.19602870945661,-0.1894862563684,0.103762512746244,0.9165
"801","b_treatment",-0.565185717551319,0.349108171175976,-1.23801984986682,-0.272953539507751,0.0128123211273688,0.94575
"802","b_treatment",-0.536879999483218,0.343217843350013,-1.22049897653535,-0.250143121969407,0.0177567228374912,0.9445
"803","b_treatment",-0.664620256161537,0.39676240076992,-1.44444846383587,-0.325160732153924,-0.0205612314691759,0.95475
"804","b_treatment",-0.468871246942967,0.354584608338524,-1.16022614180615,-0.17627098971099,0.120096443801246,0.90625
"805","b_treatment",-0.53148107559822,0.38395588702125,-1.27998372482099,-0.200049728056525,0.0791551317593694,0.92
"806","b_treatment",-0.304730299407307,0.333638880745425,-0.937064962740006,-0.0234452711378947,0.244092934786017,0.819
"807","b_treatment",-0.388615033228163,0.363541123771665,-1.08714913099999,-0.0806529328489114,0.212425953876387,0.85725
"808","b_treatment",-0.491196513505664,0.388080564243452,-1.25669111343163,-0.159346076099155,0.126301935882609,0.9015
"809","b_treatment",-0.539547273179695,0.390829241101925,-1.30564469220322,-0.200429669814802,0.0809410082962562,0.921
"81","b_treatment",-0.56231728609407,0.394156961559229,-1.34370497848792,-0.236857486802861,0.0877950961128938,0.92475
"810","b_treatment",-0.51490091323609,0.393541297970839,-1.30027431085349,-0.180321803867866,0.126984373413452,0.9025
"811","b_treatment",-0.599156382966023,0.385915489126715,-1.35126524104508,-0.280680534956149,0.0522224082873999,0.93875
"812","b_treatment",-0.396591746811618,0.351370915504764,-1.07651952636505,-0.0991587065064399,0.186374333290407,0.871
"813","b_treatment",-0.353018464124663,0.331774957648534,-1.00434908960023,-0.0670253811459043,0.198293465258124,0.85425
"814","b_treatment",-0.649386026333957,0.389129957997586,-1.43231715593427,-0.329763038364082,-0.00388536160084616,0.951
"815","b_treatment",-0.450265437661372,0.344171291839814,-1.12553615032652,-0.163439392718685,0.116351824481511,0.90675
"816","b_treatment",-0.589196630412938,0.405213037953736,-1.40314003726596,-0.251195386400564,0.0873455938464511,0.927
"817","b_treatment",-0.795193660329995,0.388136367558487,-1.5616707533804,-0.470426250240241,-0.162030777420744,0.981
"818","b_treatment",-0.376529023293899,0.370106070057894,-1.08939945637079,-0.0657344073827787,0.247800945150393,0.8435
"819","b_treatment",-0.540305175099079,0.383520248109967,-1.30552604394087,-0.222042449807888,0.0814550948927674,0.922
"82","b_treatment",-0.52283175341678,0.391892906333916,-1.31265068433077,-0.199591567169099,0.117220774478687,0.9075
"820","b_treatment",-0.501366378511779,0.360237563745358,-1.22032550156761,-0.202456545636545,0.0796230856118123,0.9185
"821","b_treatment",-0.309558904723423,0.344239670311512,-1.02326116315599,-0.0237337423867856,0.252951929380756,0.814
"822","b_treatment",-0.528172033907525,0.37989407449137,-1.25677042532481,-0.209853393501043,0.116693564796609,0.9165
"823","b_treatment",-0.501952247765094,0.417956185138642,-1.31772104231463,-0.155773083504616,0.195820630995245,0.8875
"824","b_treatment",-0.718622895007278,0.440149535184792,-1.57296923717714,-0.360132757534371,-0.00473678521287428,0.9505
"825","b_treatment",-0.48013444750296,0.363327740701911,-1.19393907771054,-0.160093077374831,0.110685627939912,0.90475
"826","b_treatment",-0.472703083935941,0.39688676956837,-1.24199699607622,-0.141192053057377,0.173183955079157,0.88675
"827","b_treatment",-0.411555542856439,0.370720844986469,-1.14580471786287,-0.103152205610633,0.200995626164911,0.8645
"828","b_treatment",-0.503997537817037,0.395120302035964,-1.26627177462528,-0.185609527095846,0.158913852199552,0.90125
"829","b_treatment",-0.542960867352257,0.367480328169229,-1.25268867917686,-0.242049194205354,0.0588849762639023,0.932
"83","b_treatment",-0.484496150733062,0.372525386576788,-1.2230705564041,-0.164974293080999,0.124537959547229,0.9065
"830","b_treatment",-0.460956922699677,0.3456788129337,-1.14088196084458,-0.171404326783637,0.0960160749783466,0.909
"831","b_treatment",-0.605137289122813,0.360082797797723,-1.31874453350256,-0.290114621196003,-0.0269597745499741,0.96025
"832","b_treatment",-0.516745839044771,0.381912450156518,-1.28509459247804,-0.198517277150741,0.121612040462203,0.91175
"833","b_treatment",-0.588975877542078,0.380431176399935,-1.34352747338837,-0.26547134912886,0.0460078445833223,0.93575
"834","b_treatment",-0.657632573149777,0.382764524067196,-1.40997358231788,-0.34149254569352,-0.0219936461538345,0.9575
"835","b_treatment",-0.461059314441723,0.374446458894601,-1.20381315266352,-0.145608321947794,0.140842107341406,0.89725
"836","b_treatment",-0.667342266860408,0.432933887891716,-1.5405443350427,-0.30018334374241,0.0346192912118455,0.94025
"837","b_treatment",-0.418661848935759,0.362350020326879,-1.11172041583156,-0.115760992049536,0.186468734471665,0.87475
"838","b_treatment",-0.462438570718663,0.37189752962634,-1.1922908544059,-0.153309362322189,0.164662360119752,0.88725
"839","b_treatment",-0.349199683917432,0.354034028071927,-1.03192070773547,-0.0577555433335627,0.248032904309689,0.83925
"84","b_treatment",-0.50836370683975,0.392470966943057,-1.28138336353841,-0.180420710874737,0.134046798964307,0.9005
"840","b_treatment",-0.510586844691145,0.392952046294208,-1.26993299449024,-0.174209708881781,0.119032610182633,0.906
"841","b_treatment",-0.489498184914936,0.384018758944183,-1.24164282130782,-0.166934383601837,0.126911106305171,0.9
"842","b_treatment",-0.489268012696879,0.364046794216969,-1.19422994062116,-0.168120457679008,0.108470360209219,0.907
"843","b_treatment",-0.428776370892503,0.351499288512748,-1.12615941171694,-0.124316343548513,0.149675184170668,0.88525
"844","b_treatment",-0.75697841093453,0.419017213773329,-1.58108623020303,-0.406472548449366,-0.0602243693431558,0.9645
"845","b_treatment",-0.557465531525112,0.378134761769599,-1.30238791854911,-0.243836597847388,0.0534380149728305,0.93
"846","b_treatment",-0.461700669379293,0.353986619081242,-1.16636620409377,-0.16510709411707,0.117835198756409,0.9065
"847","b_treatment",-0.544741341310428,0.42087013862824,-1.39416190559507,-0.195467806003441,0.145642637071406,0.90325
"848","b_treatment",-0.502844652740234,0.35846799465256,-1.21731021046648,-0.199845915665962,0.0701239809749752,0.92
"849","b_treatment",-0.504475970020391,0.350516772162722,-1.19821021410738,-0.212216782975506,0.0422194483192958,0.934
"85","b_treatment",-0.539330404389696,0.376195759043248,-1.29072705702343,-0.230656622821197,0.0757803178540906,0.923
"850","b_treatment",-0.569317298101925,0.398706730728034,-1.37001392340816,-0.232121421426529,0.0615598254282729,0.932
"851","b_treatment",-0.520712465606984,0.371930523761067,-1.26359268663704,-0.20417818611636,0.0864073520458254,0.92325
"852","b_treatment",-0.50700703839949,0.350974936053551,-1.21172525727283,-0.208027578621893,0.0628681263862534,0.927
"853","b_treatment",-0.475210573886851,0.36925995975202,-1.19861965520023,-0.170595263351134,0.135584473439528,0.90075
"854","b_treatment",-0.52413323426842,0.373639913624014,-1.27425530416455,-0.211943707525443,0.0923200616112146,0.91875
"855","b_treatment",-0.479804848895555,0.377810512471546,-1.24614888506791,-0.160989753823887,0.135243408704662,0.898
"856","b_treatment",-0.513547753326851,0.356686895084738,-1.19873333243717,-0.215197863345792,0.0859129666688404,0.9215
"857","b_treatment",-0.56884069370438,0.344250764880664,-1.24613621121655,-0.276865476566102,-0.00964200314627471,0.954
"858","b_treatment",-0.545356413867778,0.359259646330082,-1.23523925499083,-0.240290242402448,0.0536208830517363,0.9315
"859","b_treatment",-0.540807848241707,0.371438464366699,-1.25306127162404,-0.225861714957458,0.072133493433474,0.93225
"86","b_treatment",-0.458546078318129,0.364851464614118,-1.17240405316454,-0.149437147818035,0.150620475299249,0.89425
"860","b_treatment",-0.43250692455746,0.362978778052949,-1.15576387625001,-0.122930032139657,0.1573885842456,0.884
"861","b_treatment",-0.581200301837365,0.34333297597927,-1.25988186121048,-0.28926111588142,-0.0357362562950626,0.95825
"862","b_treatment",-0.412735645810392,0.341801573221504,-1.08716782615144,-0.125318103311869,0.160643803730637,0.886
"863","b_treatment",-0.38027496852724,0.370166777646765,-1.0842531102327,-0.0696366308675663,0.2466053629893,0.84975
"864","b_treatment",-0.459845713239837,0.361556514485171,-1.17540103985413,-0.158587866270732,0.134560927900334,0.90275
"865","b_treatment",-0.473460287708529,0.379896764094338,-1.25224261155961,-0.157016971109867,0.139943397276968,0.901
"866","b_treatment",-0.610100838313978,0.400573437120769,-1.42318390276272,-0.282301841247241,0.0377674703502828,0.938
"867","b_treatment",-0.443130155058609,0.375834145594906,-1.17017144201391,-0.131180363063892,0.179860147926125,0.88225
"868","b_treatment",-0.506316744645524,0.406968269698713,-1.30859641154717,-0.174855382022755,0.174873258598124,0.89175
"869","b_treatment",-0.593065180075621,0.413394240130109,-1.40918597009157,-0.241593344023788,0.0813864086604558,0.92875
"87","b_treatment",-0.410434767327786,0.373861536611868,-1.14413025640661,-0.0966905719999686,0.197892263096849,0.86325
"870","b_treatment",-0.413660628906273,0.328678503073978,-1.0788216403577,-0.13145233759386,0.117451992210001,0.89675
"871","b_treatment",-0.359056817219705,0.360873989422618,-1.06966048274585,-0.063945263554179,0.230754644512685,0.844
"872","b_treatment",-0.447053722054084,0.393646327465493,-1.24617166470737,-0.113370403931041,0.186337528914506,0.875
"873","b_treatment",-0.446074218330101,0.345413113001136,-1.11817658142559,-0.15843516530113,0.139074793677331,0.90375
"874","b_treatment",-0.198711347450152,0.345588260391289,-0.891087612058968,0.0907220120786535,0.359654120477678,0.7195
"875","b_treatment",-0.583599807666087,0.370944863582453,-1.31345997089762,-0.275442879995754,0.0386651937223684,0.9355
"876","b_treatment",-0.460840916191656,0.38194171550009,-1.22966138548526,-0.142941353420395,0.168707171658545,0.882
"877","b_treatment",-0.571090407341263,0.430576888120173,-1.4439439690469,-0.205999174672961,0.110780648227299,0.9085
"878","b_treatment",-0.762024765887166,0.404381754184731,-1.59149761598086,-0.441483585731706,-0.105962678493458,0.97175
"879","b_treatment",-0.567353433168932,0.407938014925278,-1.39461913108472,-0.22928369804464,0.0949821588253102,0.9195
"88","b_treatment",-0.533404373164688,0.366027477916698,-1.26103102044692,-0.223920845519125,0.0683346167033121,0.9285
"880","b_treatment",-0.522634867040436,0.358790275808756,-1.24447845632224,-0.214314151466867,0.0550395746047925,0.93075
"881","b_treatment",-0.333890689751854,0.371429266058221,-1.05098357679934,-0.0172678671431944,0.260903561016002,0.81425
"882","b_treatment",-0.451519668409451,0.361363061777553,-1.16707413283655,-0.150708710636678,0.143883846101413,0.89575
"883","b_treatment",-0.451936028948698,0.354395732145996,-1.14452113713737,-0.15289305402864,0.110282086950051,0.90725
"884","b_treatment",-0.593975719163694,0.386516828192594,-1.3581160705597,-0.281474822998626,0.0357382606247951,0.93925
"885","b_treatment",-0.506671789315666,0.374187524549586,-1.23838333268316,-0.186571758855214,0.113703368484306,0.909
"886","b_treatment",-0.448142651330618,0.405574881268866,-1.24565386219609,-0.116139206142767,0.223041083212342,0.863
"887","b_treatment",-0.560687015323976,0.363471655618592,-1.26023208470694,-0.244727177896225,0.0390189203906847,0.9395
"888","b_treatment",-0.744679373533057,0.412090877645523,-1.55180170166955,-0.392644012257135,-0.0743483672155533,0.965
"889","b_treatment",-0.684852686543283,0.427815315989004,-1.5330286851022,-0.327415278252044,0.0142475918080374,0.9455
"89","b_treatment",-0.441542042346968,0.351136561346823,-1.13699538771824,-0.148626731886054,0.143490851615085,0.897
"890","b_treatment",-0.692490703843044,0.394045855159927,-1.47824072212402,-0.359576157360607,-0.034229773427453,0.95825
"891","b_treatment",-0.519561167089324,0.38789580221162,-1.26998230838721,-0.192558931988482,0.109637189387499,0.91225
"892","b_treatment",-0.631157741371577,0.389385246141158,-1.39582536070305,-0.294140290258118,0.00893485590992308,0.94775
"893","b_treatment",-0.505119531378947,0.404649637989611,-1.33396872170538,-0.161335211673713,0.150556116282568,0.89225
"894","b_treatment",-0.55523437468375,0.380894343018325,-1.32819241663713,-0.24092452327668,0.0658063260115151,0.93025
"895","b_treatment",-0.539704916755673,0.382369455122984,-1.30116827898589,-0.209078942537514,0.0701042427022824,0.92075
"896","b_treatment",-0.529908244307931,0.375168353606155,-1.27717682667606,-0.204945706900773,0.0661515489295896,0.92325
"897","b_treatment",-0.463378727190928,0.37174306105255,-1.19349939522917,-0.144877005335275,0.135182009501224,0.89475
"898","b_treatment",-0.595620962568694,0.406910173368435,-1.42690901169871,-0.253089700340808,0.0642946869763718,0.932
"899","b_treatment",-0.496673984453989,0.384140202224173,-1.26388295613662,-0.177552678017017,0.124954604423072,0.905
"9","b_treatment",-0.584484178948637,0.394008897574113,-1.36650249513552,-0.251771706149058,0.0581214606471855,0.93325
"90","b_treatment",-0.613083360079381,0.35225223495563,-1.31286195511517,-0.314124389963116,-0.0283275528267818,0.958
"900","b_treatment",-0.579707506643005,0.347155999667101,-1.25499030127429,-0.292488356109422,0.00131478875361896,0.94975
"901","b_treatment",-0.494487038428093,0.361185976429291,-1.19826880399804,-0.18159306371097,0.107226477721823,0.91425
"902","b_treatment",-0.806107349536247,0.429546711888077,-1.67317053357707,-0.441317666444398,-0.0972486194714078,0.97075
"903","b_treatment",-0.498215074832598,0.389179450142514,-1.26542003877865,-0.170374516306825,0.145186206389771,0.8995
"904","b_treatment",-0.612698833211248,0.380953049047773,-1.37058576758624,-0.286756639377083,0.00677349986073436,0.948
"905","b_treatment",-0.502017844270465,0.382507974113181,-1.25790157949742,-0.176368082466424,0.120752223647103,0.903
"906","b_treatment",-0.519729296770356,0.401803397982889,-1.31643540320057,-0.178501632547919,0.140516442634417,0.90325
"907","b_treatment",-0.564062399134495,0.377577858599642,-1.30511568671465,-0.247462367178084,0.0445098642340961,0.93075
"908","b_treatment",-0.569725617428243,0.393146124920613,-1.35000363318333,-0.249424334181259,0.0832319116170282,0.92725
"909","b_treatment",-0.567826852949456,0.375491948758726,-1.30675697856993,-0.248013351014403,0.0375827604845846,0.934
"91","b_treatment",-0.593696518071653,0.418438619710749,-1.4504739815505,-0.233457914219576,0.0822113238923243,0.92425
"910","b_treatment",-0.507605802046278,0.397197437176449,-1.27580208669726,-0.169991791252677,0.138754633914069,0.89675
"911","b_treatment",-0.398523037172353,0.364245738974253,-1.12707659641615,-0.0825089675853582,0.176553516576959,0.86775
"912","b_treatment",-0.456273862110817,0.385578531798166,-1.23339464646553,-0.131569211917993,0.175174993145977,0.88425
"913","b_treatment",-0.58157427170808,0.366421971002656,-1.30083204184367,-0.275723809945858,0.0229131063829917,0.9445
"914","b_treatment",-0.460469382033709,0.351750244514332,-1.16403828982773,-0.157595871498689,0.116294575574246,0.8985
"915","b_treatment",-0.556348722084851,0.433571986254658,-1.43731195552884,-0.200113103670889,0.136712567897194,0.90525
"916","b_treatment",-0.471112551437712,0.366522017445351,-1.17794953745061,-0.153766818155138,0.119273925935824,0.9025
"917","b_treatment",-0.414928004887154,0.376852495436376,-1.15504629679626,-0.0896317003023936,0.207358762213252,0.85725
"918","b_treatment",-0.512448113339244,0.409901875004771,-1.32349886252271,-0.163788888397099,0.155931428706351,0.89125
"919","b_treatment",-0.424116766813584,0.345743162052395,-1.12296689471491,-0.13227663073588,0.136415554479147,0.896
"92","b_treatment",-0.657906228487677,0.400090262957806,-1.46353067321551,-0.326185208527178,-0.012655160779328,0.952
"920","b_treatment",-0.588124727221889,0.355120451883106,-1.28731349785923,-0.287807739703313,-0.00868788987428269,0.95275
"921","b_treatment",-0.441414382180024,0.35521875178236,-1.14222271292468,-0.144783654380024,0.151713740320633,0.8945
"922","b_treatment",-0.367831419652904,0.373398715263627,-1.11356846630877,-0.0520006456451168,0.235058722340069,0.83775
"923","b_treatment",-0.382466809785608,0.365172114155409,-1.06294078956306,-0.0786135543398093,0.233154587324833,0.85625
"924","b_treatment",-0.59753533725238,0.436991947680109,-1.48874519123478,-0.231399905675765,0.113680977128745,0.92025
"925","b_treatment",-0.418235486714534,0.352638348458937,-1.12171103508354,-0.128298130910357,0.155849224356287,0.881
"926","b_treatment",-0.523549088452084,0.386408076467734,-1.3014908283336,-0.193728036494215,0.107217955551523,0.91025
"927","b_treatment",-0.402667648893855,0.368479789053655,-1.10696572122724,-0.0956890358317718,0.20303545024715,0.8595
"928","b_treatment",-0.472083447482069,0.363690773143251,-1.2081833900973,-0.160677485862379,0.123695076173994,0.90875
"929","b_treatment",-0.473654803874503,0.346333457232507,-1.16052396645918,-0.172291907185024,0.0833551411650709,0.918
"93","b_treatment",-0.461793527254969,0.35804932909282,-1.19360592855407,-0.161128755399415,0.113053775764279,0.9055
"930","b_treatment",-0.63763681265813,0.394346134501841,-1.41246277022081,-0.306386878449946,-0.00221222735986411,0.9515
"931","b_treatment",-0.556033289404264,0.368559896772103,-1.28477387949171,-0.25351036600763,0.0570186240522784,0.9365
"932","b_treatment",-0.476023014090628,0.345533952546398,-1.15988054035961,-0.195921020679111,0.10998743322927,0.91725
"933","b_treatment",-0.406411665859645,0.339679362094824,-1.0740390346124,-0.110351742997057,0.142471262300242,0.88325
"934","b_treatment",-0.569327809836387,0.35842784133021,-1.28743432960133,-0.268476062589529,0.0221689993636834,0.94425
"935","b_treatment",-0.592365874912487,0.430592703698701,-1.44229697203722,-0.232206489001365,0.090319480127554,0.9185
"936","b_treatment",-0.48724201039232,0.374273857404484,-1.21435382816978,-0.179792119778572,0.122404400222038,0.906
"937","b_treatment",-0.61110131726288,0.402855051812524,-1.39289574528766,-0.269397010953981,0.0633950237229695,0.92975
"938","b_treatment",-0.526574722878273,0.381960862372086,-1.28066907593411,-0.201703589205063,0.1063826795922,0.9175
"939","b_treatment",-0.526998879670332,0.368360268258658,-1.27554558387238,-0.212525887444044,0.0519906520089217,0.93475
"94","b_treatment",-0.469910887032368,0.380086167106956,-1.22565986659345,-0.157506509651582,0.161561089456113,0.88825
"940","b_treatment",-0.521423829470171,0.360860187258199,-1.23968888686404,-0.229872014904107,0.0791138522390915,0.92525
"941","b_treatment",-0.600713441479353,0.407463658283377,-1.41051157941123,-0.258866402494493,0.0443639706096649,0.93825
"942","b_treatment",-0.678985372609081,0.371785435404211,-1.40727787209381,-0.37764227814019,-0.067161622270948,0.96725
"943","b_treatment",-0.661679136872191,0.382380986933556,-1.40632837744479,-0.336575726459123,-0.0406332827526598,0.96075
"944","b_treatment",-0.457061289469409,0.350907843721292,-1.13481043573079,-0.168485191020831,0.131289921370008,0.90275
"945","b_treatment",-0.438044388943804,0.391889030301862,-1.19923040960557,-0.102398682532589,0.205655215681747,0.863
"946","b_treatment",-0.559747133680714,0.368771429381505,-1.29237063574839,-0.241336883728075,0.0442889857746977,0.93625
"947","b_treatment",-0.657315726940786,0.423225052234196,-1.49448318267535,-0.294245524684546,0.0337702915352002,0.94
"948","b_treatment",-0.467526313548298,0.345020696806357,-1.17156450172213,-0.171662105818885,0.083460437567554,0.91525
"949","b_treatment",-0.613181666711585,0.382949046288222,-1.36763499752111,-0.289442397196382,0.0160505355937208,0.945
"95","b_treatment",-0.419952580399665,0.378186492013382,-1.17478167773134,-0.0962743435459887,0.193735560833871,0.86275
"950","b_treatment",-0.512513761566642,0.352245164756203,-1.20670456531775,-0.216448957084397,0.0656439638998315,0.92625
"951","b_treatment",-0.502310431337852,0.346479411651381,-1.16823571371572,-0.202517480430842,0.0594579114936151,0.927
"952","b_treatment",-0.45249317939332,0.344470935210562,-1.12213523871155,-0.161094775977983,0.116674185877512,0.90525
"953","b_treatment",-0.417922615136182,0.390376157133889,-1.21100827026162,-0.0903301395689023,0.227217752993141,0.8585
"954","b_treatment",-0.724885001387432,0.391550862751749,-1.508464844015,-0.394308998157783,-0.0829671340551552,0.96775
"955","b_treatment",-0.410759410759997,0.365638137022177,-1.13482568470741,-0.107687255107642,0.200251765157399,0.871
"956","b_treatment",-0.454255074009594,0.347869226832604,-1.15531750890981,-0.160574361032506,0.116954149450942,0.9015
"957","b_treatment",-0.560409883236842,0.358597337216901,-1.26437926315177,-0.253415665347417,0.0287116390197559,0.9385
"958","b_treatment",-0.406698154150086,0.34233887055281,-1.05267084521291,-0.113132104875035,0.159448438575191,0.88175
"959","b_treatment",-0.704558920444816,0.391027729609087,-1.48112232713286,-0.379636060866059,-0.0839504428591087,0.9675
"96","b_treatment",-0.538142744359457,0.371527366738597,-1.25939631857716,-0.216554790653594,0.0699741176838071,0.92975
"960","b_treatment",-0.34833024922218,0.350971146432535,-1.05674080042608,-0.0520718334720544,0.224594785103294,0.839
"961","b_treatment",-0.676278861467755,0.369298903565819,-1.39756512527824,-0.369372469267163,-0.0725399368106732,0.968
"962","b_treatment",-0.500279094711487,0.387781897285523,-1.28074721958382,-0.168946503731748,0.126024103096662,0.90475
"963","b_treatment",-0.512828460525145,0.380467304981218,-1.28539612592306,-0.189925096269011,0.0911414954943639,0.9175
"964","b_treatment",-0.518694017272567,0.372745991301768,-1.25747466969656,-0.187143887592349,0.094364181143965,0.9155
"965","b_treatment",-0.647551867248295,0.399395343271378,-1.42695059529968,-0.312238702114875,0.0252800604787333,0.94625
"966","b_treatment",-0.414400761542476,0.367475233974898,-1.1605512124111,-0.102358151364859,0.182740718797759,0.8735
"967","b_treatment",-0.474176493587737,0.345404988943813,-1.16164345626798,-0.182440858898033,0.0914297012205755,0.91675
"968","b_treatment",-0.479362181656599,0.382978087935953,-1.24221601083684,-0.150020800745957,0.138201989989423,0.89675
"969","b_treatment",-0.582262419752185,0.354802395548454,-1.30766332474824,-0.285861614264955,-0.00939126573231418,0.952
"97","b_treatment",-0.493860235843935,0.371349277535575,-1.24145895213079,-0.187934989419909,0.110300981015959,0.913
"970","b_treatment",-0.525102670642481,0.37426366058761,-1.28986962953362,-0.22534917491724,0.0863834360875859,0.92375
"971","b_treatment",-0.721801095264947,0.393805086033509,-1.51641691944022,-0.407965340245751,-0.081523813062406,0.9685
"972","b_treatment",-0.441479740975818,0.379829979633434,-1.19528217751906,-0.116246065340202,0.170689309509511,0.88
"973","b_treatment",-0.509780139974512,0.375456096095786,-1.23037982459794,-0.189948772570189,0.11578458593206,0.914
"974","b_treatment",-0.6346752436582,0.421900365471415,-1.46684157369063,-0.283130683734102,0.0769036188661467,0.93025
"975","b_treatment",-0.400110147092785,0.365301070540143,-1.11498311057252,-0.0998293244646783,0.207633213718265,0.86375
"976","b_treatment",-0.509406207358423,0.360121420790809,-1.21803469341672,-0.212650561999379,0.074706300088135,0.92025
"977","b_treatment",-0.340631135661286,0.379333470976276,-1.0577828755054,-0.0189668055714689,0.277831554970886,0.81375
"978","b_treatment",-0.602950562080677,0.361297619325014,-1.29724756197476,-0.307704983363472,0.000416705318163106,0.94975
"979","b_treatment",-0.440753641047052,0.342975104936206,-1.1070387712927,-0.142536176741994,0.117352865174567,0.8985
"98","b_treatment",-0.471397200869171,0.354953230940806,-1.18811600133581,-0.16950195074842,0.102645149473225,0.908
"980","b_treatment",-0.539960102662592,0.346416624930701,-1.22701187102364,-0.261097914378069,0.0263493531846997,0.941
"981","b_treatment",-0.707185440401216,0.369289722122636,-1.45395403718117,-0.391475542902108,-0.107758094192034,0.9725
"982","b_treatment",-0.548869963745274,0.405368632828223,-1.33264005955003,-0.216156089301326,0.123526673832668,0.9105
"983","b_treatment",-0.533293669664631,0.376400096143348,-1.28838610588716,-0.217636091583373,0.0929662531324711,0.923
"984","b_treatment",-0.433007979345263,0.351374656880128,-1.11141118145112,-0.138762173114461,0.149794430496509,0.893
"985","b_treatment",-0.843770022675502,0.474362068562082,-1.81879821166995,-0.451773788500418,-0.0772734065245925,0.96725
"986","b_treatment",-0.572459596687157,0.396171247877186,-1.36479940296205,-0.233368045782355,0.0635850826290506,0.9325
"987","b_treatment",-0.643101884517562,0.382445591339548,-1.39794768923538,-0.319727352200781,-0.0167156153505114,0.9525
"988","b_treatment",-0.482861855074997,0.378461305984082,-1.23486846904844,-0.157138603559523,0.121979218113042,0.89325
"989","b_treatment",-0.497399513495228,0.362754316473259,-1.19041900265561,-0.19045097875215,0.0998706293592177,0.91575
"99","b_treatment",-0.56646079505017,0.38655244091596,-1.31926109612721,-0.24271617571348,0.0673130741676437,0.92925
"990","b_treatment",-0.559829166958977,0.390810927863219,-1.33684902474955,-0.231405433064594,0.0787521683470233,0.9255
"991","b_treatment",-0.515712148434382,0.374106186463822,-1.25398411274794,-0.193819124990469,0.0832087948678808,0.91675
"992","b_treatment",-0.568805692384742,0.390117390121082,-1.3375154613316,-0.2378833975334,0.0687568940830069,0.93025
"993","b_treatment",-0.499158179727468,0.368915340669555,-1.21858254350568,-0.196251353950201,0.114279582754979,0.911
"994","b_treatment",-0.432426658237383,0.373599600253991,-1.17858811993975,-0.120808497518005,0.169975920696643,0.8775
"995","b_treatment",-0.61632628364269,0.390879671875332,-1.39641198901598,-0.290648762729458,0.0165099678047128,0.944
"996","b_treatment",-0.456605517139795,0.344228710659559,-1.14597417237694,-0.167545732666854,0.0986822705886902,0.9085
"997","b_treatment",-0.354136928602775,0.331201327207357,-0.9957195492438,-0.0706497274409117,0.190219234579087,0.85525
"998","b_treatment",-0.435158747105933,0.378941086398266,-1.19529049370864,-0.113729240726495,0.188966966571591,0.87175
"999","b_treatment",-0.440368071085097,0.346529818527034,-1.12951174495911,-0.152454315221516,0.1184984552069,0.896
